queue_length,arrival_rate,service_rate,avg_delay_ms,throughput,drop_rate,congestion
31.7333,13,11,189.2227,11.0,0.0,1
30.8,16,5,8.3071,5.0,0.6208,1
9.9333,12,7,160.9349,7.0,0.4038,1
0.0,4,16,7.7426,3.8667,0.0,0
22.5,14,8,7.8026,8.0,0.3788,1
52.4,21,12,174.2988,12.0,0.3535,1
0.2333,4,6,7.9153,4.5,0.0,0
0.0,23,18,7.8026,15.0,0.3599,1
59.4667,20,4,6.9983,4.0,0.685,1
5.5,3,3,164.5016,2.9667,0.0,1
50.2333,14,10,7.8399,10.0,0.1674,1
0.0,9,12,7.4088,9.1667,0.0,0
32.6667,17,13,7.5369,13.0,0.1569,1
0.1333,15,17,7.5727,14.4667,0.0,0
49.8667,9,4,7.5309,4.0,0.3309,1
3.4667,16,16,7.8817,15.6667,0.0,0
0.0,9,13,7.6167,8.7667,0.0,0
37.4667,12,9,7.6219,9.0,0.0655,0
45.4,25,9,1349.623,9.0,0.5878,1
38.7667,23,11,7.5107,11.0,0.4676,1
25.5,14,8,7.7703,8.0,0.3488,1
24.3333,12,9,8.0051,9.0,0.2164,1
0.0,5,19,7.661,4.7667,0.0,0
76.1,23,6,7.7385,6.0,0.6206,1
20.9667,8,3,7.4255,3.0,0.5333,1
0.3,8,10,7.6254,8.0,0.0,0
51.1,11,6,7.7469,6.0,0.207,1
77.1,14,6,7.291,6.0,0.3508,1
29.1333,16,11,8.0333,11.0,0.2546,1
52.1333,25,16,459.9767,16.0,0.285,1
62.3667,13,7,30.4718,7.0,0.2422,1
74.5333,22,8,7.7968,8.0,0.5144,1
0.0,4,7,7.5268,3.4333,0.0,0
12.2667,3,3,8.8536,3.0,0.0,0
52.1333,24,19,483.1362,19.0,0.1264,1
0.0,7,11,7.2726,7.4667,0.0,0
0.0,18,17,7.8211,11.0,0.3978,1
20.1333,4,3,7.6748,3.0,0.0,0
1.8333,13,14,108.5233,13.2667,0.0,1
55.6333,24,6,8.2149,6.0,0.6619,1
0.0,5,14,7.4993,5.0667,0.0,0
15.7,22,15,7.4702,15.0,0.3024,1
0.0,6,15,7.568,5.2667,0.0,0
0.0,6,16,8.0121,5.4,0.0,0
4.1,9,9,78.8187,8.5333,0.0,1
28.3667,21,19,49.7889,19.0,0.0281,1
24.8,17,15,26.3628,14.9667,0.0,1
0.0,3,12,8.0362,3.2333,0.0,0
5.0,22,10,7.7495,10.0,0.5386,1
13.8333,23,11,7.704,11.0,0.4934,1
0.0,7,12,7.7833,6.6667,0.0,0
0.0,4,19,8.9652,4.4667,0.0,0
19.9,21,3,7.3887,3.0,0.8229,1
61.7333,15,11,7.5405,11.0,0.0976,0
22.1333,19,10,7.7502,10.0,0.4159,1
28.4,13,4,7.4685,4.0,0.6305,1
0.0,19,17,32.2805,12.0,0.3466,1
38.6,12,9,7.803,9.0,0.057,0
0.0,3,20,7.5524,3.7333,0.0,0
21.6333,16,3,7.7148,3.0,0.7642,1
0.0,3,10,7.5677,3.3333,0.0,0
28.8667,16,9,7.5276,9.0,0.3457,1
0.0,17,20,7.8993,17.0667,0.0,0
61.6,24,17,772.5331,17.0,0.1992,1
20.6,23,13,7.8696,13.0,0.3982,1
15.4667,20,20,124.4718,20.0,0.0,1
26.6,25,7,8.2719,7.0,0.6914,1
25.3333,21,9,7.4033,9.0,0.5368,1
37.8667,25,16,368.2776,16.0,0.2973,1
0.0,14,17,17.9233,13.4667,0.0,0
16.0333,18,18,7.7027,17.8,0.0,0
36.6667,8,5,7.7196,5.0,0.0,0
51.0,12,5,884.2705,5.0,0.389,1
35.9667,16,14,23.0598,14.0,0.0141,1
24.2667,16,9,41.5745,9.0,0.3803,1
0.0667,18,20,7.4655,17.0667,0.0,0
21.3333,14,5,7.9899,5.0,0.5743,1
19.0333,24,20,7.8266,20.0,0.1425,1
40.5667,12,6,7.981,6.0,0.3618,1
37.2667,11,4,8.2779,4.0,0.532,1
27.0667,24,17,7.1413,17.0,0.2524,1
0.0,8,18,7.4055,7.7,0.0,0
40.3333,9,5,7.9301,5.0,0.1619,1
35.6,18,15,426.1163,15.0,0.0894,1
0.0,3,19,7.911,3.4,0.0,0
38.7,21,14,7.5113,14.0,0.2496,1
0.4,6,8,7.7947,6.0667,0.0,0
0.0,8,16,7.9448,7.7333,0.0,0
70.5667,14,6,858.5365,6.0,0.3729,1
14.9,10,9,7.6465,8.9,0.0,0
40.5,23,8,7.7945,8.0,0.5913,1
0.0,5,16,8.2027,5.1667,0.0,0
24.9667,11,7,8.2206,7.0,0.2853,1
47.5333,20,3,7.3194,3.0,0.7702,1
40.3,18,16,183.0532,16.0,0.058,1
30.6333,9,4,7.4986,4.0,0.4496,1
8.9,10,3,7.4879,3.0,0.6574,1
43.9667,11,7,7.49,7.0,0.1242,1
65.6,16,6,7.7399,6.0,0.4762,1
0.0,6,19,8.2018,6.0,0.0,0
73.0333,15,8,7.7205,8.0,0.2578,1
0.0,9,19,57.4785,8.4667,0.0,1
0.1333,6,8,8.1548,5.8667,0.0,0
0.0,3,6,7.9377,2.9333,0.0,0
19.9667,22,20,7.579,19.9667,0.0414,0
0.0,16,12,7.9114,10.0,0.3697,1
61.3667,21,15,7.7666,15.0,0.1828,1
0.0,21,19,7.4396,15.0,0.2834,1
0.0,8,13,7.9564,7.8333,0.0,0
14.0,23,7,7.5798,7.0,0.6696,1
13.7,3,3,6.8529,3.0,0.0,0
68.9,16,4,8.1234,4.0,0.6092,1
0.0,8,11,7.8644,7.9,0.0,0
38.0333,24,16,456.9151,16.0,0.2863,1
49.4667,18,10,33.6273,10.0,0.334,1
56.0333,19,7,7.7247,7.0,0.5288,1
62.5,12,6,6.9045,6.0,0.3272,1
76.4333,20,7,7.7916,7.0,0.5,1
28.4,17,4,7.5183,4.0,0.7107,1
19.4,22,20,212.6702,20.0,0.0,1
15.4667,23,19,7.6792,19.0,0.142,1
0.0,11,16,7.2806,11.1333,0.0,0
41.6667,21,13,7.2812,13.0,0.3287,1
50.5333,24,3,7.6777,3.0,0.7992,1
0.2,5,7,7.7399,5.4,0.0,0
6.7,15,15,8.1753,14.8,0.0174,0
56.3,20,9,318.1383,9.0,0.4493,1
49.7,21,17,7.7824,17.0,0.0524,0
1.4333,3,4,8.2038,3.7,0.0,0
26.9,24,16,90.8373,16.0,0.2925,1
66.7333,18,10,7.9095,10.0,0.2879,1
0.6667,4,5,7.8127,3.8,0.0,0
3.0,23,7,8.1482,7.0,0.7004,1
0.0,6,13,52.2429,6.0667,0.0,1
0.0,9,16,7.8117,9.4667,0.0,0
0.0,8,20,33.0804,7.8333,0.0,1
0.0,4,17,11.2652,3.8667,0.0,0
0.0,10,13,7.7619,9.8667,0.0,0
22.5,9,7,67.5629,7.0,0.0,1
10.8,18,10,7.6055,10.0,0.4219,1
0.0,5,10,8.0432,5.6333,0.0,0
2.9333,8,8,7.5697,7.7,0.0,0
19.9667,20,15,7.8724,15.0,0.2111,1
54.5,22,15,7.7827,15.0,0.2448,1
73.3,22,12,7.5898,12.0,0.3308,1
0.0,5,14,7.7483,5.2667,0.0,0
11.7333,12,6,7.5674,6.0,0.4637,1
33.3333,13,7,7.8418,7.0,0.3676,1
56.1667,15,7,1056.9119,7.0,0.3801,1
64.3,18,9,143.8544,9.0,0.3423,1
0.0,9,13,7.3549,9.5667,0.0,0
0.4667,11,12,7.4404,10.8333,0.0,0
0.7333,3,4,7.8141,3.1667,0.0,0
19.7667,22,9,192.4415,9.0,0.5599,1
9.0,23,3,52.3583,3.0,0.8576,1
0.0,7,13,7.9697,6.6667,0.0,0
28.5333,22,7,7.7454,7.0,0.6443,1
55.4333,22,18,7.7368,18.0,0.0578,0
17.0,24,3,7.3287,3.0,0.8484,1
0.0,15,20,7.7888,14.9333,0.0,0
0.1333,8,10,7.743,7.6,0.0,0
48.4333,17,14,7.9632,14.0,0.0309,0
10.4,14,11,330.2215,11.0,0.1517,1
82.7,21,8,7.6734,8.0,0.4739,1
6.4,14,12,38.7286,11.9667,0.0639,1
0.0,21,12,27.1418,12.0,0.4212,1
69.5,22,14,7.8501,14.0,0.2222,1
0.8667,14,15,7.8069,14.2333,0.0,0
1.5333,7,7,7.9921,6.6333,0.0383,0
62.3,13,8,7.9702,8.0,0.1641,1
0.0,14,19,26.315,13.9667,0.0,1
1.4333,17,18,17.4759,17.0,0.0,0
0.0,4,16,7.2962,3.9,0.0,0
0.0,8,19,7.4355,7.2,0.0,0
8.6667,11,10,7.5353,10.0,0.0828,0
0.0,4,7,40.5376,3.8,0.0,1
62.1333,23,15,157.4623,15.0,0.2324,1
0.0,11,14,8.1464,10.4667,0.0,0
0.0,6,9,8.0769,6.4,0.0,0
60.3333,17,8,7.7545,8.0,0.4107,1
0.0,17,20,91.1923,14.8667,0.1186,1
32.1,14,12,68.4784,12.0,0.0,1
19.4333,15,8,7.3373,8.0,0.417,1
51.4333,15,10,7.3955,10.0,0.2018,1
18.9333,18,12,7.6276,12.0,0.2789,1
57.5,24,19,7.8897,19.0,0.0965,0
1.3,5,6,7.8191,5.4,0.0,0
34.8,21,9,7.8569,9.0,0.512,1
11.7333,21,18,8.0758,18.0,0.1293,1
33.0,11,8,7.5941,8.0,0.0,0
0.0,7,16,7.7277,7.0333,0.0,0
65.1667,25,10,1596.1914,10.0,0.5073,1
0.0,6,15,19.6629,5.6,0.0,0
29.0,15,5,113.3174,5.0,0.5955,1
0.1,5,7,7.6586,4.5333,0.0,0
0.0,14,20,7.3833,14.1,0.0,0
0.0,5,8,8.3373,5.7,0.0,0
64.9,18,11,7.3548,11.0,0.2518,1
63.9667,24,9,748.8967,9.0,0.5292,1
11.5667,18,17,37.3061,17.0,0.0204,1
59.9333,24,10,90.3864,10.0,0.4944,1
12.9667,23,8,95.3517,8.0,0.6263,1
27.6333,18,4,388.3254,4.0,0.7362,1
78.9,23,7,7.7786,7.0,0.5634,1
0.0,3,10,8.0768,3.9,0.0,0
15.7667,23,14,7.76,14.0,0.3607,1
46.6,8,4,7.5869,4.0,0.2458,1
22.8333,22,19,7.7508,19.0,0.0887,0
53.8,25,16,750.1022,16.0,0.2829,1
18.7667,16,5,7.2078,5.0,0.653,1
0.0,3,16,7.4141,4.2,0.0,0
9.9667,24,16,79.114,16.0,0.3241,1
2.9,9,9,7.7064,8.7333,0.0,0
21.6,16,14,7.5991,14.0,0.0,0
86.9,24,6,8.6683,6.0,0.627,1
32.8,10,5,7.593,5.0,0.4119,1
47.0667,9,4,7.52,4.0,0.3679,1
43.8333,8,3,8.0423,3.0,0.384,1
0.5667,11,12,7.5785,11.1,0.0,0
41.5,16,9,7.7752,9.0,0.3389,1
0.0,3,17,7.3663,3.7333,0.0,0
66.7667,18,12,7.6228,12.0,0.1873,1
0.0,8,13,7.9522,7.8667,0.0,0
2.1,8,8,7.9753,7.8667,0.0,0
68.2667,25,8,8.0695,8.0,0.5843,1
19.5,20,14,7.7708,14.0,0.263,1
12.0,24,4,8.1434,4.0,0.8122,1
55.5,24,7,7.3959,7.0,0.6262,1
27.4333,18,11,7.8161,11.0,0.3123,1
55.0333,12,7,7.7043,7.0,0.2404,1
0.0,12,20,86.5294,11.6333,0.0,1
41.5667,23,11,7.8289,11.0,0.4656,1
22.2667,21,19,7.5912,19.0,0.0415,0
5.0,14,8,7.7653,8.0,0.4181,1
54.8,25,17,7.6925,17.0,0.2284,1
19.0667,11,5,7.473,5.0,0.4737,1
71.7,19,5,7.3514,5.0,0.6052,1
30.6667,16,13,7.756,13.0,0.0731,0
0.0,17,20,51.356,17.0,0.0,1
0.0,6,11,10.0562,5.7333,0.0,0
0.0,12,18,7.8746,12.5667,0.0,0
43.3333,14,10,239.7061,10.0,0.1544,1
1.3333,16,17,23.7951,16.5333,0.0197,1
45.9,23,10,7.6336,10.0,0.4978,1
0.0,11,20,7.5143,11.0,0.0,0
44.9333,14,10,7.6213,10.0,0.1513,1
42.9333,17,4,7.6705,4.0,0.6784,1
7.0667,17,17,7.3722,16.8333,0.0,0
0.0,8,19,7.4263,8.2667,0.0,0
32.7667,14,12,7.6456,12.0,0.0507,0
79.1333,15,4,7.4067,4.0,0.5466,1
0.0,4,13,7.4445,3.8333,0.0,0
0.0,5,15,7.8907,4.1,0.0,0
9.7667,12,9,7.5481,9.0,0.1884,1
42.6,25,9,7.6239,9.0,0.5852,1
0.0,7,13,8.0856,7.6,0.0,0
35.1333,13,6,7.4125,6.0,0.4696,1
0.0,7,15,7.7392,7.2,0.0,0
12.9333,20,11,7.8749,11.0,0.4216,1
4.8667,10,6,8.1706,6.0,0.3599,1
45.7,18,6,7.7709,6.0,0.5914,1
30.0333,20,9,7.9033,9.0,0.4983,1
0.0,9,18,7.6969,9.3333,0.0,0
5.8333,14,14,7.9419,13.6333,0.0,0
0.0,4,9,7.8701,3.6333,0.0,0
0.0,23,15,7.6667,12.0,0.4767,1
0.0,5,19,8.5042,4.7667,0.0,0
0.0,25,17,254.1665,13.0,0.4758,1
68.5333,23,15,7.736,15.0,0.2349,1
0.1333,14,16,83.9039,13.8667,0.0,1
0.0,11,14,7.8015,11.1667,0.0,0
0.0,8,20,8.3025,7.4667,0.0,0
60.7,21,12,7.6545,12.0,0.3169,1
26.8,18,8,7.9554,8.0,0.5019,1
10.0,22,6,7.6764,6.0,0.7068,1
0.4333,5,7,7.645,4.9333,0.0,0
0.0,3,15,7.5873,3.3333,0.0,0
22.8667,16,13,7.6235,13.0,0.1859,1
0.0,14,18,7.9313,14.2333,0.0,0
84.3333,24,5,7.992,5.0,0.6653,1
0.0,11,14,7.9816,10.7667,0.0,0
0.0,21,17,7.4322,15.0,0.2788,1
0.0,7,12,84.5458,6.9667,0.0,1
30.4333,18,12,7.7316,12.0,0.2668,1
0.0,8,16,69.5086,8.2333,0.0,1
0.0,3,12,7.4501,3.4,0.0,0
0.0,10,17,7.6369,10.1,0.0,0
23.6,23,12,7.423,12.0,0.4378,1
0.0,5,17,8.0131,5.0,0.0,0
35.4,24,7,357.1704,7.0,0.675,1
0.0,7,12,7.4143,7.3,0.0,0
47.8667,25,12,7.7619,12.0,0.4452,1
8.0,25,12,8.0248,12.0,0.5164,1
0.0333,16,18,7.5324,15.7,0.0,0
1.6667,4,5,7.945,4.4667,0.0,0
0.0,13,18,7.4258,13.5,0.0,0
0.0,6,15,8.2301,6.0667,0.0,0
18.3333,24,18,7.9575,18.0,0.2332,1
8.4,16,15,7.5422,14.9667,0.0108,0
4.5,10,9,8.3155,9.0,0.0582,0
61.8333,17,12,7.611,12.0,0.1193,1
0.0,3,7,8.0721,3.5667,0.0,0
3.0,25,12,231.4096,12.0,0.5205,1
78.5,19,5,8.4605,5.0,0.573,1
36.6667,12,7,7.2202,7.0,0.2961,1
0.0,10,17,8.2269,9.7,0.0,0
41.6333,19,16,174.5736,16.0,0.0922,1
17.4,21,20,7.7291,20.0,0.0079,0
0.0,5,12,7.3695,4.1667,0.0,0
0.0,12,14,7.8034,9.8333,0.1828,1
62.1,24,10,7.2763,10.0,0.4771,1
30.4,18,5,7.8955,5.0,0.6802,1
29.2,11,8,7.8813,8.0,0.1611,1
28.4333,23,10,7.6481,10.0,0.5266,1
19.7333,18,4,8.0218,4.0,0.7412,1
0.0,9,13,7.6092,8.6667,0.0,0
1.7333,19,20,100.0397,19.1667,0.0,1
5.6667,13,13,39.3023,12.5667,0.0,1
80.7333,21,6,186.8252,6.0,0.5789,1
40.5667,22,6,288.4685,6.0,0.6692,1
60.8,12,3,7.0867,3.0,0.5683,1
32.4667,22,4,8.6073,4.0,0.7664,1
0.0,3,16,8.04,3.4,0.0,0
0.0,8,11,7.5085,7.6667,0.0,0
52.6667,14,10,301.8638,10.0,0.0872,1
0.0,4,11,7.6776,3.8667,0.0,0
7.2667,4,3,7.3421,2.7,0.0,0
27.3333,16,6,7.4021,6.0,0.5685,1
85.7,24,4,540.1107,4.0,0.7106,1
25.2,8,4,7.2862,4.0,0.3691,1
0.0,5,12,7.6153,4.8,0.0,0
0.0,10,14,52.961,10.2333,0.0,1
15.2667,15,13,7.7319,13.0,0.0973,0
49.2,8,3,7.5949,3.0,0.3671,1
47.6,18,14,8.0188,14.0,0.1075,1
34.3,23,16,7.9565,16.0,0.255,1
64.2,12,5,637.1397,5.0,0.3588,1
0.0,15,18,52.7943,15.2333,0.0,1
29.4,11,3,7.367,3.0,0.6265,1
13.8667,23,11,42.6505,11.0,0.4904,1
0.0,9,15,7.4743,8.7333,0.0,0
17.6667,11,10,8.0954,10.0,0.0,0
36.2,22,11,170.8633,11.0,0.4347,1
0.0,9,17,7.7464,8.3333,0.0,0
0.0,4,10,7.4212,3.7,0.0,0
0.0,4,13,8.3308,4.1333,0.0,0
0.0,10,20,7.5737,10.3,0.0,0
25.6,16,9,7.2408,9.0,0.3721,1
33.6,19,16,225.0461,16.0,0.1113,1
0.0,24,19,17.5392,16.0,0.3398,1
49.2333,17,10,7.9731,10.0,0.2645,1
13.9,24,16,139.8877,16.0,0.3297,1
0.0,6,12,35.3386,6.0,0.0,1
0.0,13,18,19.4482,12.4667,0.0,0
11.9,7,5,7.7995,4.9667,0.2087,1
13.0,24,9,7.7704,9.0,0.6036,1
44.3,20,17,7.6667,17.0,0.0637,0
0.0,9,15,7.1542,9.4333,0.0,0
0.0,6,18,7.7507,5.9333,0.0,0
10.6333,16,11,83.1121,11.0,0.3012,1
0.0,14,15,9.1301,10.0,0.2754,1
0.0,4,20,7.5203,4.4667,0.0,0
22.1,23,17,108.2908,17.0,0.2397,1
30.0,15,13,7.7542,13.0,0.0,0
31.5333,10,8,7.7393,8.0,0.0102,0
0.2333,4,6,7.6099,3.8333,0.0,0
40.3667,13,8,433.7273,8.0,0.2461,1
18.2333,13,7,195.2269,7.0,0.399,1
0.0,12,19,7.9127,11.5,0.0,0
1.6667,7,8,7.7935,7.5333,0.0,0
14.8,11,10,7.7119,9.9333,0.0267,0
0.0,5,10,7.8298,5.0,0.0,0
53.7667,19,11,1064.4395,11.0,0.3135,1
75.6667,16,6,345.7943,6.0,0.4391,1
0.0,5,9,29.6736,4.7667,0.0,1
29.5667,24,14,55.2736,14.0,0.3847,1
12.8333,9,3,8.424,3.0,0.6335,1
22.2,15,5,7.6786,5.0,0.6223,1
1.1333,4,5,7.7272,4.0333,0.0,0
0.0,8,11,7.6974,7.2333,0.0,0
0.0,13,18,75.4773,12.4667,0.0,1
14.0,24,4,167.6606,4.0,0.8162,1
17.8,21,18,109.5806,18.0,0.0847,1
0.0,14,17,7.8118,13.8667,0.0,0
41.2667,10,7,7.542,7.0,0.0814,0
6.5333,12,9,7.7795,9.0,0.2017,1
77.3333,19,7,7.15,7.0,0.4825,1
1.7333,8,8,7.505,7.5667,0.0,0
0.0,23,16,7.558,11.0,0.5299,1
27.7,7,4,7.6601,4.0,0.2293,1
63.2667,17,7,7.7468,7.0,0.4433,1
0.1333,17,19,8.1686,16.3,0.0,0
25.3,13,4,7.4265,4.0,0.6285,1
19.4333,20,12,7.5155,12.0,0.3635,1
51.6667,16,12,1414.1163,12.0,0.1214,1
1.9667,6,6,8.1592,5.4333,0.0,0
0.0,9,16,7.5173,8.4667,0.0,0
65.0667,25,13,8.1293,13.0,0.374,1
69.0667,24,15,7.7949,15.0,0.2693,1
69.3667,11,5,7.6087,5.0,0.2554,1
0.0,10,18,8.0524,10.1333,0.0,0
0.0,3,13,7.7208,3.3333,0.0,0
77.3333,11,3,7.5148,3.0,0.4709,1
0.1667,8,10,7.7975,8.0,0.0,0
5.4,4,4,7.5499,3.8,0.0,0
0.5667,9,10,7.7,8.8667,0.0,0
2.6,10,10,60.7226,9.6,0.0,1
0.0,9,16,12.8504,8.9333,0.0,0
68.9,23,10,393.4982,10.0,0.474,1
37.1,23,9,333.9041,9.0,0.5464,1
0.0,8,17,7.8344,7.8333,0.0,0
38.7,19,9,7.5026,9.0,0.4656,1
52.4333,18,13,143.1133,13.0,0.1312,1
18.7,20,12,90.9852,12.0,0.3694,1
62.9667,20,9,253.9477,9.0,0.4312,1
1.4667,7,7,30.3646,6.6667,0.0474,1
63.1667,21,5,200.6731,5.0,0.6583,1
26.0667,21,16,7.3565,16.0,0.2136,1
41.8,17,10,320.2063,10.0,0.3115,1
0.0,14,16,7.6198,13.4,0.0759,0
67.3667,14,3,1172.073,3.0,0.6014,1
21.1333,18,14,7.4513,14.0,0.1857,1
19.8,17,3,525.9569,3.0,0.7817,1
7.0,23,13,8.028,13.0,0.4048,1
0.0,4,9,7.6384,3.5333,0.0,0
0.0,8,19,7.9701,8.1,0.0,0
36.2667,9,3,7.1426,3.0,0.4981,1
0.0,5,17,8.1325,5.2667,0.0,0
70.6667,21,11,337.8047,11.0,0.3268,1
26.2333,17,12,7.5171,12.0,0.2317,1
76.1,24,5,836.9737,5.0,0.6751,1
34.9333,15,11,205.5716,11.0,0.1412,1
19.3,10,9,86.0691,9.0,0.0,1
0.0,4,17,24.7618,3.7,0.0,1
1.0,18,12,7.8033,12.0,0.3252,1
31.2333,14,12,124.2085,12.0,0.0,1
12.0,25,12,102.469,12.0,0.5013,1
43.8667,18,9,149.376,9.0,0.4078,1
0.0,12,16,7.9442,12.1,0.0,0
0.6667,16,17,34.6912,16.0333,0.0,1
41.0333,6,3,7.4386,3.0,0.0947,0
0.0,7,18,15.5202,6.4,0.0,0
51.7,11,5,215.9786,5.0,0.4129,1
0.0,13,17,10.7638,12.7333,0.0,0
41.0333,14,5,7.5655,5.0,0.5325,1
71.6333,24,15,424.3469,15.0,0.2692,1
1.6333,4,5,25.2517,4.7,0.0,1
36.2667,12,5,7.8886,5.0,0.5039,1
54.4667,18,13,149.3356,13.0,0.1191,1
47.5667,23,11,101.2337,11.0,0.4557,1
0.0,17,13,28.4321,11.0,0.3555,1
31.3,22,20,7.8399,19.9667,0.0,0
49.6667,15,3,8.2195,3.0,0.6815,1
0.0667,7,9,39.3877,6.4667,0.0,1
0.0,20,11,23.108,11.0,0.4388,1
0.0,9,18,7.7851,9.2,0.0,0
0.0,10,18,24.4817,10.1,0.0,1
0.0,6,20,30.8478,6.6667,0.0,1
0.0,12,18,9.2669,11.8333,0.0,0
0.0,7,19,18.7791,7.4667,0.0,0
6.0,22,5,7.8149,5.0,0.7689,1
0.0,5,8,7.1181,5.2333,0.0,0
0.8333,18,19,7.6734,17.9333,0.0,0
54.1667,17,4,8.0573,4.0,0.6404,1
70.7333,21,4,1100.9807,4.0,0.6953,1
0.0,12,20,14.9888,11.7667,0.0,0
0.0,11,17,9.9886,11.1,0.0,0
0.7,4,5,7.3837,3.8333,0.0,0
0.0333,15,17,55.1743,14.9333,0.0,1
0.0,11,17,7.5207,10.4667,0.0,0
0.0,7,16,7.3522,7.4,0.0,0
0.1,5,7,11.6848,5.0,0.0,0
0.2,17,19,24.4954,16.7,0.0,1
0.0,5,13,8.2649,5.0333,0.0,0
59.7,13,3,82.2817,3.0,0.5787,1
16.7333,24,12,103.0686,12.0,0.4771,1
29.6,25,7,92.1971,7.0,0.6712,1
0.0,6,17,18.0608,6.5333,0.0,0
0.0,7,13,8.3315,6.9667,0.0,0
0.0,8,15,7.9012,7.6667,0.0,0
16.1,20,19,12.4556,18.9333,0.0,0
0.0,17,20,7.8712,17.7333,0.0,0
0.0,4,14,8.0479,4.1667,0.0,0
64.9,17,3,624.8983,3.0,0.6905,1
24.3667,14,12,69.1496,12.0,0.0,1
27.9,15,13,7.5864,13.0,0.0,0
27.8333,19,17,50.935,17.0,0.0,1
2.4,8,9,42.4897,8.4,0.0,1
77.7667,19,8,205.7498,8.0,0.3938,1
0.0,6,18,7.5766,5.7333,0.0,0
0.0,11,18,25.2492,11.5333,0.0,1
33.6,25,3,222.9762,3.0,0.839,1
0.0,7,20,33.0963,6.3,0.0,1
36.8,14,5,7.4939,5.0,0.5345,1
1.0667,9,10,7.5403,8.7667,0.0,0
0.0,16,19,7.9169,14.6333,0.1113,1
0.0,8,18,15.0671,8.2333,0.0,0
0.2333,4,6,7.6973,3.7667,0.0,0
70.8667,20,11,7.4364,11.0,0.3273,1
48.8,19,7,532.7738,7.0,0.5271,1
66.0333,14,6,466.9803,6.0,0.3876,1
23.4333,14,12,7.4051,12.0,0.0242,0
0.0,12,17,41.5675,11.9667,0.0,1
0.0,25,17,84.5989,13.0,0.4635,1
0.0,11,20,34.9889,11.1667,0.0,1
28.6,22,3,204.0497,3.0,0.8189,1
0.0,5,17,25.2138,5.7333,0.0,1
20.6333,21,15,78.6091,15.0,0.2338,1
39.7,14,8,273.3627,8.0,0.3364,1
73.9667,17,9,227.8356,9.0,0.2747,1
0.0,6,11,7.3538,6.0333,0.0,0
0.0,4,14,34.4981,4.0333,0.0,1
3.9333,11,6,50.7957,6.0,0.4177,1
10.8,24,16,59.8973,16.0,0.3228,1
0.0,15,19,14.6076,14.9667,0.0,0
67.2333,17,6,7.7489,6.0,0.498,1
0.0,24,20,85.0474,12.0,0.4972,1
0.0,10,17,7.474,10.2667,0.0,0
44.8,6,3,8.4334,3.0,0.0824,0
0.0,12,15,7.5569,12.2,0.0,0
0.0,3,18,7.7966,3.1667,0.0,0
0.6667,18,19,7.8266,17.6667,0.0,0
1.7,9,9,187.7835,8.5333,0.0,1
3.1333,7,7,8.0858,6.8667,0.0,0
21.1,5,3,7.17,2.9667,0.0,0
11.0,25,16,7.661,16.0,0.3556,1
0.0,5,14,8.0156,4.5,0.0,0
42.8667,16,3,7.4215,3.0,0.7091,1
59.9,11,7,7.404,7.0,0.1333,1
35.4333,9,5,899.7447,5.0,0.2792,1
67.7667,17,8,301.7016,8.0,0.3772,1
28.1667,14,7,8.3261,7.0,0.4203,1
8.6333,10,10,8.1074,9.7667,0.0,0
23.7333,20,18,7.8404,18.0,0.0627,0
2.3667,6,7,45.437,6.1,0.0,1
0.0,5,17,8.0699,4.6333,0.0,0
0.0667,6,8,6.9513,5.5333,0.0,0
0.0,16,19,7.7753,15.7667,0.0,0
65.3,16,4,8.2773,4.0,0.6062,1
50.1667,21,16,396.6837,16.0,0.1335,1
7.0,17,4,7.5677,4.0,0.7485,1
22.1667,15,11,7.43,11.0,0.2133,1
24.6,17,15,7.6387,15.0,0.0,0
0.0,7,16,7.2964,6.5667,0.0,0
12.0,23,4,8.3048,4.0,0.8073,1
63.0333,13,7,7.9361,7.0,0.2595,1
0.0,7,10,8.0948,6.7667,0.0,0
0.0,7,11,31.2739,7.7,0.0,1
0.0,4,9,7.792,4.2667,0.0,0
5.9667,9,9,76.803,8.7667,0.0,1
0.4,10,12,7.8451,10.1,0.0,0
0.0,9,13,7.6308,9.0667,0.0,0
0.0,13,17,7.8053,12.0333,0.0,0
13.7,16,9,8.0014,9.0,0.397,1
40.7,6,3,8.6274,3.0,0.1271,1
37.5,11,4,8.1642,4.0,0.5193,1
0.0,8,16,7.4543,8.2,0.0,0
0.0,5,16,7.8209,4.7333,0.0,0
14.3667,11,10,194.0652,10.0,0.059,1
68.7667,18,7,7.8236,7.0,0.4733,1
4.3333,8,8,7.8331,7.8,0.0,0
1.4,12,13,8.2536,12.0667,0.0,0
8.0,25,17,7.504,17.0,0.3103,1
55.0333,18,7,7.8423,7.0,0.4857,1
38.5,23,11,7.6346,11.0,0.4622,1
0.0,11,19,7.4969,11.1667,0.0,0
74.5,13,3,7.7766,3.0,0.577,1
43.0,23,3,8.1464,3.0,0.8055,1
0.0,14,20,119.2129,13.6667,0.0,1
17.5,15,14,7.8817,14.0,0.0,0
0.0,3,10,7.978,3.7667,0.0,0
7.0,24,9,7.9597,9.0,0.602,1
0.0,7,16,7.7762,6.7,0.0,0
0.0,11,14,7.9164,10.6,0.0,0
0.0,13,16,7.3923,13.0,0.0,0
18.8333,19,4,7.3083,4.0,0.7504,1
0.0,6,10,7.3964,6.1667,0.0,0
4.7667,7,6,7.5795,5.9333,0.1727,1
5.1667,17,17,48.5114,16.8333,0.0096,1
0.0,5,20,7.9067,5.0667,0.0,0
44.6,9,5,7.7273,5.0,0.2426,1
45.9667,17,8,149.4593,8.0,0.4506,1
12.9,8,7,7.9346,6.9667,0.0511,0
14.5333,10,6,7.9279,6.0,0.371,1
23.7333,18,3,7.3654,3.0,0.7881,1
0.0,11,15,7.7878,11.1,0.0,0
82.2333,21,5,7.3022,5.0,0.6224,1
0.0,8,19,7.7674,8.3333,0.0,0
0.0,17,20,7.799,17.4667,0.0,0
0.0,3,9,7.2866,3.3333,0.0,0
0.0,14,17,86.5555,14.2,0.0,1
75.6667,21,9,7.352,9.0,0.4309,1
2.4,5,5,7.6373,4.3667,0.0,0
0.0,9,17,7.8387,8.4333,0.0,0
0.0,12,20,7.6847,11.8,0.0,0
0.8,12,13,7.8473,12.4,0.0,0
28.1667,24,17,7.8587,17.0,0.2479,1
0.0,6,20,7.9293,6.1,0.0,0
0.0,16,19,8.0273,15.5667,0.0,0
39.0333,6,4,7.5799,4.0,0.0,0
0.0,11,16,7.9708,11.2,0.0,0
12.8,24,15,218.6072,15.0,0.3561,1
0.0,9,14,7.4562,9.1667,0.0,0
23.1333,18,16,7.7849,15.9667,0.0,0
22.1667,12,4,7.4571,4.0,0.596,1
0.0,10,14,8.2029,9.8667,0.0,0
48.9,19,5,7.9956,5.0,0.6359,1
36.3,21,15,7.7141,15.0,0.2122,1
51.4333,22,7,473.6065,7.0,0.6,1
0.3,4,6,7.6237,3.4667,0.0,0
58.7333,22,3,6.9347,3.0,0.767,1
0.0,5,15,7.8816,5.4333,0.0,0
22.2667,14,12,7.753,12.0,0.0896,0
66.7667,23,8,7.6725,8.0,0.5551,1
0.0,9,18,7.4163,9.2,0.0,0
9.6,12,9,7.8797,9.0,0.1954,1
71.6,21,10,7.9566,10.0,0.4154,1
61.4667,18,5,8.45,5.0,0.6015,1
15.0,24,7,7.4284,7.0,0.6822,1
0.0,8,11,118.6085,8.3333,0.0,1
40.5,10,6,7.2996,6.0,0.1552,1
32.0667,13,11,7.962,11.0,0.0,0
0.0,15,20,34.9555,14.9,0.0,1
3.9667,20,20,7.5937,19.5667,0.0,0
0.0,9,12,7.9316,9.3667,0.0,0
44.6,15,5,6.8448,5.0,0.5551,1
10.0,18,17,8.1798,17.0,0.0314,0
0.3333,18,19,7.6981,17.8333,0.0,0
13.8,12,4,7.4456,4.0,0.6319,1
3.9,14,10,7.7246,10.0,0.2762,1
21.8333,9,8,7.6143,8.0,0.0,0
13.0,25,12,289.2265,12.0,0.5086,1
49.2,21,12,147.1085,12.0,0.3465,1
5.5333,19,19,7.6974,18.8667,0.0,0
0.0,4,12,7.627,3.7333,0.0,0
37.8667,21,6,566.9416,6.0,0.6416,1
0.0,6,20,7.7588,6.1333,0.0,0
1.6,19,20,33.917,19.0667,0.0,1
35.6667,23,11,274.0384,11.0,0.4719,1
0.0,5,10,11.4523,5.4,0.0,0
0.0,7,20,16.8985,7.3,0.0,0
15.9,8,7,8.0089,7.0,0.0042,0
0.0,6,13,7.2172,6.6667,0.0,0
9.0,23,13,7.8789,13.0,0.408,1
47.8333,22,8,8.006,8.0,0.5566,1
14.7,21,17,78.047,17.0,0.1543,1
10.0,23,5,8.5923,5.0,0.7698,1
31.2667,20,17,7.8472,17.0,0.0644,0
61.4333,16,5,7.1417,5.0,0.5535,1
0.0,13,16,73.6178,12.2,0.0,1
70.8,13,4,7.5078,4.0,0.4658,1
0.0,3,14,7.7759,3.3333,0.0,0
0.0,10,13,7.2052,10.0667,0.0227,0
23.8667,25,7,155.1439,7.0,0.6957,1
19.6667,9,8,7.5528,8.0,0.0,0
0.0,3,12,7.2813,3.2333,0.0,0
56.6,24,13,7.9308,13.0,0.3696,1
41.8667,11,8,474.2773,8.0,0.055,1
0.1333,4,6,8.3374,4.2,0.0,0
26.6667,25,18,7.9649,18.0,0.2251,1
42.0333,25,16,7.6145,16.0,0.2824,1
11.7667,15,8,7.6027,8.0,0.4498,1
21.2667,17,12,129.8925,12.0,0.2696,1
81.1,21,6,7.4175,6.0,0.5739,1
62.3,21,13,273.3444,13.0,0.262,1
0.0,4,17,7.2909,3.8333,0.0,0
52.8667,23,15,7.8475,15.0,0.2645,1
11.9333,15,15,7.6552,14.8333,0.0,0
48.3667,24,8,740.9176,8.0,0.6086,1
0.0,7,10,7.4611,7.0667,0.0,0
56.2333,20,12,408.0446,12.0,0.2903,1
43.7,20,4,7.3316,4.0,0.714,1
50.5,22,15,7.8851,15.0,0.2109,1
0.0,5,14,7.6449,5.2,0.0,0
0.0,3,11,7.3462,3.6667,0.0,0
17.4667,11,4,466.4252,4.0,0.5754,1
0.0,11,16,8.2364,11.0333,0.0,0
0.0,4,7,7.6008,5.1,0.0,0
8.2667,13,13,7.5754,12.8667,0.0,0
51.6333,23,19,360.2235,19.0,0.0794,1
2.9,13,13,10.7325,12.9333,0.0,0
33.2667,22,15,7.7662,15.0,0.2512,1
17.8667,21,8,7.9337,8.0,0.5885,1
73.5667,16,7,7.5157,7.0,0.3742,1
16.3,7,3,6.9441,3.0,0.4831,1
20.0333,20,17,7.7521,17.0,0.0729,0
0.0,10,16,16.9699,10.2333,0.0,0
68.3667,24,9,53.4474,9.0,0.5223,1
10.6,12,10,8.151,10.0,0.1595,1
1.3,15,16,7.9221,15.2333,0.0,0
57.4,16,11,121.1262,11.0,0.1405,1
49.8667,24,12,86.2704,12.0,0.4199,1
0.0,10,20,7.6713,9.6,0.1193,1
39.0,22,18,7.9948,18.0,0.0775,0
17.5333,8,7,7.9362,7.0,0.0,0
1.6667,19,19,7.3226,18.4333,0.0,0
29.0,12,10,8.1127,9.9667,0.0,0
41.0333,7,4,933.9243,4.0,0.0,1
0.1333,17,19,7.5978,16.6667,0.0,0
0.0,7,13,7.6971,7.0,0.0,0
35.3333,19,17,103.8048,17.0,0.0175,1
5.8333,8,8,7.784,7.9,0.0,0
56.8667,10,6,7.3932,6.0,0.2355,1
73.0333,25,8,8.0953,8.0,0.5777,1
5.1333,20,20,7.7885,19.9667,0.0,0
17.2,6,5,7.8928,5.0,0.0798,0
10.9333,7,7,7.4506,6.9667,0.0,0
35.9667,18,14,7.5319,14.0,0.1205,1
0.0,11,20,142.8302,11.1667,0.0,1
15.0,24,3,6.8722,3.0,0.8542,1
0.0,15,16,7.5167,12.0,0.207,1
43.2333,13,4,7.2274,4.0,0.5707,1
0.0,5,13,8.1524,4.7333,0.0,0
0.0,8,17,85.0752,8.0,0.0,1
7.1333,21,20,7.6584,20.0,0.0559,0
42.5,24,10,7.5587,10.0,0.537,1
0.0,10,15,7.892,9.1667,0.0451,0
0.4667,17,18,7.4142,16.3667,0.0,0
0.0,3,17,7.5514,3.9667,0.0,0
5.1,7,7,8.0393,6.2,0.0,0
0.0,8,16,35.512,7.4667,0.0,1
29.2333,20,14,7.5584,14.0,0.2517,1
34.8333,9,6,7.7963,6.0,0.1875,1
0.0,3,9,7.999,3.3,0.0,0
0.0,15,20,7.8543,15.0333,0.0,0
0.0,3,12,8.1428,3.2,0.0,0
40.6333,10,6,7.9057,6.0,0.2484,1
10.0,22,8,7.4748,8.0,0.6189,1
0.1,7,9,7.6567,6.9667,0.0,0
0.0,20,19,7.3426,12.0,0.405,1
0.0,14,20,8.0387,13.7667,0.0,0
25.2,8,3,8.075,3.0,0.5145,1
2.0,22,11,7.437,11.0,0.4977,1
13.8667,20,19,45.8309,18.9667,0.0,1
5.2333,5,4,7.7417,4.0,0.1007,1
37.1667,21,5,7.3914,5.0,0.6968,1
0.5667,18,19,7.793,17.7667,0.0,0
27.4333,13,6,8.1027,6.0,0.4827,1
0.0,9,13,7.7433,9.6667,0.0,0
64.6333,15,4,7.9373,4.0,0.5771,1
52.2667,9,4,8.5185,4.0,0.378,1
54.2,13,9,7.8192,9.0,0.131,1
13.8667,25,15,7.9242,15.0,0.3738,1
0.0,7,11,7.7386,7.2333,0.0,0
1.7,10,10,7.8695,9.6,0.0,0
0.0,11,14,8.1011,11.1333,0.0,0
33.9667,13,11,7.7206,11.0,0.0529,0
8.0,20,6,367.8667,6.0,0.6861,1
55.2667,23,17,149.6992,17.0,0.1565,1
29.0333,13,9,8.0605,9.0,0.2296,1
0.0,11,16,7.6477,10.6333,0.0,0
0.0,6,9,7.813,6.1,0.0,0
55.8,21,4,7.7721,4.0,0.7253,1
51.5333,23,5,7.529,5.0,0.701,1
24.3,23,19,233.9638,19.0,0.1128,1
0.0,4,8,7.8756,3.5,0.0,0
54.4,14,10,7.703,10.0,0.0905,0
0.0,3,16,7.6179,3.6,0.0,0
47.8333,6,3,498.6797,3.0,0.0,1
47.7667,23,16,7.7033,16.0,0.2227,1
78.5,15,5,555.4859,5.0,0.468,1
15.5333,22,14,7.5863,14.0,0.3177,1
0.0,13,20,7.5568,13.1333,0.0,0
0.0,7,10,8.0005,6.6667,0.0,0
40.8,6,3,7.7799,3.0,0.2204,1
53.5,12,7,8.0096,7.0,0.2356,1
0.0,5,12,7.9936,4.6333,0.0,0
0.0,8,15,7.4867,7.6667,0.0,0
41.7333,25,6,7.9717,6.0,0.6954,1
0.1667,15,17,71.137,14.9,0.0,1
0.0,7,10,9.6298,6.6,0.0,0
13.5,17,15,26.6019,15.0,0.0985,1
59.7333,13,4,8.0193,4.0,0.5167,1
43.7,17,14,319.2594,14.0,0.0313,1
0.0,12,15,7.5582,11.9333,0.0,0
0.0,4,10,8.6603,3.5667,0.0,0
0.0,4,19,7.2229,4.1333,0.0,0
5.5333,6,6,8.0959,5.7333,0.0,0
64.4667,12,6,8.1121,6.0,0.3113,1
0.0,3,8,8.0115,3.6,0.0,0
50.6667,11,5,7.8705,5.0,0.3675,1
0.0,21,12,7.8076,11.0,0.4608,1
59.9333,24,5,8.0098,5.0,0.7031,1
30.0,22,20,7.7605,20.0,0.0121,0
6.9667,21,15,108.6663,15.0,0.2641,1
58.0,20,6,7.4584,6.0,0.5838,1
8.0333,14,13,7.4888,13.0,0.0,0
0.0,10,17,7.8735,10.3667,0.0,0
27.1,20,16,8.071,16.0,0.1455,1
0.0,8,16,69.4888,7.9667,0.0,1
34.2667,13,11,8.3793,11.0,0.0,0
17.8333,18,7,7.8749,7.0,0.5793,1
27.8667,11,3,8.469,3.0,0.6361,1
42.5667,6,3,7.2062,3.0,0.2741,1
0.0,12,14,7.5726,12.3333,0.0,0
21.7,22,16,7.8159,16.0,0.2165,1
0.0,3,17,8.894,3.2333,0.0,0
70.7333,16,5,7.9962,5.0,0.518,1
0.0,6,17,7.531,6.3333,0.0,0
0.0,4,19,7.9953,4.8,0.0,0
0.2,15,17,8.0852,15.2667,0.0,0
54.4,15,6,7.6784,6.0,0.4523,1
69.2667,21,4,8.2581,4.0,0.6857,1
43.4333,8,4,7.3274,4.0,0.2124,1
0.0,6,9,7.8953,5.8333,0.0,0
6.0,21,8,7.4173,8.0,0.6051,1
0.0,13,17,7.4438,13.4,0.0,0
0.6333,14,15,7.941,13.5333,0.0,0
11.0,24,9,7.5313,9.0,0.6124,1
74.5,23,9,2679.4302,9.0,0.4715,1
40.0,23,13,7.8578,13.0,0.3647,1
49.0667,25,15,7.6999,15.0,0.351,1
0.0,12,20,8.0492,11.8,0.0,0
60.7667,23,12,7.9737,12.0,0.3862,1
61.8667,22,5,7.007,5.0,0.6723,1
0.0,13,18,7.9498,12.7333,0.0,0
18.8667,21,4,7.3745,4.0,0.774,1
28.0333,13,6,7.1592,6.0,0.4656,1
21.7667,25,10,7.7422,10.0,0.5631,1
0.0,3,7,7.2295,3.9333,0.0,0
4.9667,17,11,7.7891,11.0,0.326,1
0.5333,15,16,7.6171,14.9,0.0,0
51.0,21,16,7.9464,16.0,0.1286,1
44.6,21,4,8.353,4.0,0.7224,1
0.0,13,17,7.655,12.8667,0.0,0
63.2,20,3,3102.9939,3.0,0.7426,1
14.2333,14,12,7.8402,12.0,0.1153,1
1.0,22,18,30.48,18.0,0.1612,1
82.4333,24,4,693.1537,4.0,0.7066,1
18.8,20,5,8.7498,5.0,0.716,1
37.6,18,4,7.5287,4.0,0.7109,1
14.0667,20,19,149.5967,18.9667,0.0118,1
29.5667,6,5,8.1846,5.0,0.0101,0
74.1667,19,11,7.8434,11.0,0.2649,1
70.3,23,5,7.9004,5.0,0.6818,1
23.8667,18,15,165.2257,15.0,0.15,1
0.0,9,12,14.7222,8.7333,0.0,0
0.0,6,10,10.3264,6.5667,0.0,0
5.0,19,14,7.8316,14.0,0.2735,1
22.9,20,19,7.8217,19.0,0.0,0
26.0667,13,7,385.1723,7.0,0.3585,1
8.5333,17,15,29.2026,15.0,0.102,1
30.2,20,15,7.6621,15.0,0.1548,1
60.2,16,9,7.7393,9.0,0.3082,1
0.0,4,17,8.1294,4.4333,0.0,0
0.0,23,16,7.4703,16.0,0.3123,1
0.0,8,15,7.7193,7.7333,0.0,0
49.9667,16,7,7.9496,7.0,0.4386,1
47.3,9,3,7.4475,3.0,0.4686,1
2.5667,3,4,7.7727,3.3667,0.0,0
69.3333,17,6,7.7834,6.0,0.493,1
12.9333,3,3,7.3985,3.0,0.0,0
45.3667,17,3,7.5036,3.0,0.7324,1
0.5333,14,15,7.6664,13.7667,0.0,0
23.2,22,20,7.6544,20.0,0.0628,0
70.9667,20,9,7.8394,9.0,0.4222,1
6.3,11,11,80.8165,10.9333,0.0,1
19.9667,22,17,7.9424,17.0,0.2122,1
82.0333,25,3,7.9241,3.0,0.7678,1
28.2333,15,12,187.0242,12.0,0.1163,1
50.3667,12,3,7.6894,3.0,0.5892,1
0.0,15,19,7.8727,15.0667,0.0,0
0.4333,14,15,7.732,14.0,0.0,0
54.8,8,3,7.7142,3.0,0.3388,1
28.9667,11,5,7.6437,5.0,0.4567,1
84.6667,23,4,7.1299,4.0,0.697,1
1.0333,9,10,7.2663,9.0,0.0,0
41.9333,21,10,980.7915,10.0,0.4608,1
4.6667,9,7,7.9015,7.0,0.2066,1
1.1333,8,9,30.7122,8.0333,0.0,1
17.6333,21,12,62.1566,12.0,0.4211,1
1.6,9,9,8.0166,8.5,0.0,0
11.0,24,9,8.0421,9.0,0.607,1
39.4,22,12,7.3278,12.0,0.3872,1
13.0,24,4,7.3189,4.0,0.816,1
53.9333,16,10,7.6934,10.0,0.2437,1
65.6333,23,16,7.8679,16.0,0.204,1
0.0,7,13,8.1409,6.3667,0.0,0
0.5,13,15,7.8727,13.9333,0.0,0
32.9,15,10,89.3375,10.0,0.2636,1
25.2333,22,10,107.8162,10.0,0.5149,1
57.5,21,5,7.8899,5.0,0.6661,1
11.1,6,5,69.9818,4.9333,0.0,1
0.7667,17,18,7.5333,17.0333,0.0,0
0.1,11,13,7.4801,10.8,0.0,0
54.6333,17,11,7.5139,11.0,0.25,1
0.0,6,9,7.4157,6.0333,0.0,0
40.2,21,9,8.0416,9.0,0.5055,1
0.0,4,15,7.4561,4.3667,0.0,0
17.3667,14,10,382.9304,10.0,0.2773,1
0.0,14,20,7.7826,13.4333,0.0,0
55.8,22,17,62.7787,17.0,0.1072,1
74.6333,22,11,181.7336,11.0,0.367,1
56.2,9,5,107.2858,5.0,0.1174,1
0.0,10,16,26.3711,9.9667,0.0,1
80.5,24,11,161.7607,11.0,0.4189,1
0.0,10,20,7.6089,10.0333,0.0,0
45.9,20,9,8.0376,9.0,0.4701,1
70.3333,16,8,7.5526,8.0,0.334,1
2.9,18,16,27.2997,16.0,0.1313,1
56.4667,17,6,100.8907,6.0,0.517,1
6.0,15,6,8.1022,6.0,0.6017,1
1.6333,3,4,7.1519,3.5667,0.0,0
3.8667,4,5,7.217,4.1333,0.0,0
64.5333,21,13,8.1842,13.0,0.2508,1
28.3333,18,7,360.8364,7.0,0.5574,1
4.2,18,18,51.2957,17.3667,0.0,1
36.4,11,4,7.4851,4.0,0.5282,1
0.0,12,16,7.5708,12.2333,0.0,0
0.0,8,16,7.7055,8.0333,0.0,0
0.7333,16,17,7.9021,15.9333,0.0,0
0.0,3,10,7.314,3.9333,0.0,0
0.0,6,19,8.0213,5.7333,0.0,0
0.0,24,16,7.8922,10.0,0.5726,1
33.4333,10,4,7.9665,4.0,0.4935,1
35.3,23,18,7.7533,18.0,0.164,1
0.0,10,20,136.0888,9.7333,0.0,1
0.0,11,20,7.6677,11.3,0.0,0
0.0,3,8,7.9691,3.8,0.0,0
44.7333,20,11,7.4978,11.0,0.3532,1
54.4667,13,3,1798.6444,3.0,0.5957,1
80.1333,16,3,8.3419,3.0,0.6273,1
0.0,11,14,7.926,10.6,0.0,0
18.4667,15,14,7.9173,14.0,0.0218,0
25.4333,5,3,7.6453,3.0,0.0979,0
0.2,17,19,7.6219,16.7667,0.0,0
0.1667,6,8,7.3041,6.0333,0.0,0
0.0,6,10,7.7618,5.6,0.0,0
0.0,11,17,7.9,10.3667,0.0,0
61.3667,25,6,8.0638,6.0,0.6751,1
0.2333,4,5,8.2835,3.6333,0.0,0
37.0,12,10,8.0677,10.0,0.0,0
73.1,22,7,7.3717,7.0,0.5574,1
9.9333,11,11,7.3364,10.7,0.0,0
0.0,8,16,7.6614,7.7667,0.0,0
1.0,13,14,7.8058,13.1667,0.0,0
0.0,3,20,7.7102,3.5333,0.0,0
2.7,10,10,342.087,9.9,0.0652,1
0.0,9,14,7.7315,8.9333,0.0,0
0.0,8,19,7.7034,7.3667,0.0,0
0.0,4,18,7.4957,3.6667,0.0,0
0.0,3,7,27.6287,3.5333,0.0,1
71.6,16,6,8.1313,6.0,0.4517,1
2.1,16,16,7.7674,15.4667,0.0,0
0.0,4,15,7.824,4.2333,0.0,0
0.0,17,20,7.5786,17.5333,0.0,0
0.0,12,18,36.0272,11.8,0.0,1
47.9333,23,11,8.0537,11.0,0.4557,1
8.0,25,11,7.6173,11.0,0.5475,1
57.7333,15,11,7.9852,11.0,0.0875,0
36.5333,17,13,274.4721,13.0,0.154,1
1.7,6,7,7.159,6.0667,0.0,0
0.4667,4,4,7.5824,3.0667,0.0,0
0.0,8,14,7.8933,7.8667,0.0,0
0.0,4,13,7.7654,4.2667,0.0,0
0.5333,18,20,11.1173,19.0667,0.0,0
52.3333,14,4,7.3842,4.0,0.5907,1
0.6333,7,8,7.5728,7.1667,0.0,0
18.9667,23,4,391.3168,4.0,0.7986,1
0.0,7,14,7.575,7.1,0.0,0
25.8,25,5,7.7493,5.0,0.7612,1
46.2667,13,6,7.7148,6.0,0.4181,1
0.0,12,19,48.5062,12.5667,0.0,1
0.0,6,13,8.3733,6.1667,0.0,0
3.6333,16,16,7.3793,15.8,0.0,0
0.0,6,19,7.9162,5.5,0.0,0
41.2,14,12,7.5842,11.9667,0.0115,0
23.6667,22,9,7.7519,9.0,0.5572,1
15.8333,14,6,173.7014,6.0,0.5355,1
0.0,6,14,7.9585,5.5333,0.0,0
0.0,8,19,7.8632,7.8667,0.0,0
47.6333,25,6,424.1113,6.0,0.701,1
18.6667,25,17,7.7017,17.0,0.2928,1
73.1667,20,3,7.4905,3.0,0.7273,1
0.0,7,12,8.0507,7.2333,0.0,0
15.9,4,3,81.832,3.0,0.1667,1
39.3333,21,19,30.6486,19.0,0.0384,1
0.0,8,11,7.5771,7.9333,0.0,0
0.5333,13,14,8.0732,12.9333,0.0,0
0.7,15,16,58.9926,14.8,0.0,1
0.0,12,15,7.5872,12.4333,0.0,0
13.6,9,3,7.5368,3.0,0.6218,1
31.3,16,10,7.6271,10.0,0.3142,1
35.4333,21,16,264.1031,16.0,0.168,1
57.9333,24,5,7.2485,5.0,0.7143,1
35.8333,22,13,7.3637,13.0,0.3436,1
65.7333,15,7,722.6971,7.0,0.3431,1
71.1,10,4,7.9382,4.0,0.3094,1
38.8667,21,5,8.0838,5.0,0.704,1
0.4333,8,10,7.2059,8.4333,0.0,0
0.0,6,15,8.0078,6.1,0.0,0
55.8667,23,11,7.531,11.0,0.4421,1
0.0,3,15,78.6644,3.7667,0.0,1
22.6,18,11,7.6824,11.0,0.3493,1
62.6,21,13,7.7361,13.0,0.2743,1
0.0,8,20,32.5595,8.0667,0.0,1
44.8667,18,6,7.4027,6.0,0.5788,1
57.5333,8,4,7.6814,4.0,0.1506,1
32.0333,5,3,7.7804,3.0,0.0,0
33.8,10,4,410.9632,4.0,0.4817,1
32.7333,14,4,7.8433,4.0,0.6562,1
24.2333,13,10,7.7003,10.0,0.1417,1
9.0667,7,6,7.4232,6.0,0.0588,0
46.8667,8,5,6.9939,5.0,0.0,0
0.0,8,19,7.5411,8.5667,0.0,0
0.0,4,10,7.8043,4.8333,0.0,0
22.9333,15,8,7.9287,8.0,0.4133,1
15.8,11,11,7.6796,11.0,0.0,0
0.0,7,16,7.0739,7.5333,0.0,0
13.2,15,13,7.6253,13.0,0.0899,0
47.4667,20,4,7.766,4.0,0.7202,1
1.3667,6,7,7.4021,6.0,0.0,0
58.5333,25,18,7.8771,18.0,0.1673,1
0.5667,7,8,7.7013,6.6,0.0,0
26.1333,13,10,7.8484,10.0,0.1531,1
0.0,3,19,7.7426,3.4,0.0,0
0.0,12,16,7.5614,11.9333,0.0,0
74.8,23,12,7.9678,12.0,0.3612,1
80.3333,19,7,3054.9175,7.0,0.4836,1
1.1333,16,17,8.0109,15.8,0.0,0
0.0,6,11,7.1589,6.1667,0.0,0
70.9667,23,8,797.0834,8.0,0.558,1
12.9,16,15,36.0767,14.7667,0.0,1
0.0,7,19,30.3146,6.9333,0.0,1
44.3,11,5,7.4435,5.0,0.3891,1
36.4333,19,17,7.884,17.0,0.0034,0
0.0,10,18,7.6093,10.7667,0.0,0
0.0,5,19,7.3528,5.0333,0.0,0
22.7,25,19,7.516,19.0,0.2122,1
0.0,10,16,7.7373,9.7,0.0068,0
0.0667,16,18,7.9072,15.6,0.0,0
0.0,7,16,7.7503,6.2,0.0,0
4.7333,13,12,7.6542,12.0,0.0,0
8.0,23,12,7.3971,12.0,0.4628,1
0.0,13,20,7.6181,12.9333,0.0152,0
42.4,6,3,7.3549,3.0,0.2435,1
0.0,4,7,53.7198,3.7333,0.0,1
75.0,17,6,7.7304,6.0,0.4742,1
7.0,23,10,7.7189,10.0,0.5425,1
80.7667,22,3,1001.9119,3.0,0.7333,1
0.0,5,18,8.2904,5.7667,0.0,0
0.0,6,19,8.2591,6.1,0.0,0
52.1333,15,12,7.8737,12.0,0.0476,0
27.9333,15,12,7.64,12.0,0.1441,1
12.5333,13,13,7.6023,13.0,0.0,0
65.2,24,5,7.7912,5.0,0.6993,1
9.2333,20,18,7.5132,18.0,0.0849,0
0.0,7,10,7.3239,6.6,0.0,0
0.0,10,13,7.64,10.0333,0.0,0
35.4667,22,4,7.8303,4.0,0.7622,1
83.7,24,6,7.5513,6.0,0.6296,1
23.5333,17,4,7.1846,4.0,0.7241,1
0.0,3,13,7.7008,3.8667,0.0,0
0.0,21,20,7.8175,19.6,0.074,0
0.0,5,13,7.3551,4.9,0.0,0
0.6333,8,9,7.6365,7.7667,0.0,0
0.1667,16,18,7.7288,15.9667,0.0,0
0.0,6,9,41.0298,6.4333,0.0,1
59.4333,12,6,8.3636,6.0,0.2665,1
85.3667,20,6,7.2984,6.0,0.5479,1
56.1333,25,8,7.6799,8.0,0.605,1
25.4667,7,3,7.2618,3.0,0.4537,1
0.0,13,18,15.5249,12.7333,0.0,0
0.2,16,18,7.7563,16.1,0.0,0
7.7667,8,8,6.8745,7.8667,0.0,0
45.7,21,17,7.2806,17.0,0.0951,0
14.7667,16,14,7.5746,14.0,0.0835,0
5.7333,18,17,7.9614,16.8333,0.0152,0
0.0,3,13,8.3658,3.6,0.0,0
39.5,18,5,7.4164,5.0,0.6341,1
68.4,25,3,8.4072,3.0,0.7848,1
38.7333,22,18,7.7301,18.0,0.0908,0
0.0,4,16,7.5141,4.3667,0.0,0
24.4667,22,19,7.8121,19.0,0.1006,1
0.0,12,18,7.662,11.9667,0.0,0
0.0667,15,17,132.4678,14.5333,0.0,1
2.6667,20,18,10.4432,18.0,0.0859,0
87.3667,20,3,314.2821,3.0,0.6938,1
1.7667,20,20,21.1376,19.5667,0.0,1
39.7333,22,20,7.7393,20.0,0.0059,0
0.0,3,12,7.5967,3.5333,0.0,0
23.6333,10,5,7.6674,5.0,0.4262,1
0.0,13,20,85.266,12.7,0.0,1
13.0667,16,12,7.8733,12.0,0.211,1
8.0,25,14,7.6194,14.0,0.4278,1
53.5333,20,5,7.7104,5.0,0.6634,1
37.2333,21,5,7.5472,5.0,0.7049,1
0.0,6,13,24.6172,6.1333,0.0,1
9.9,10,4,7.695,4.0,0.5738,1
40.2,17,5,196.6221,5.0,0.6121,1
9.0,17,4,7.7873,4.0,0.7451,1
16.3,8,5,7.7487,5.0,0.2857,1
62.8,17,6,7.8427,6.0,0.5347,1
0.0,6,17,7.7098,6.2,0.0,0
61.8667,20,9,569.4797,9.0,0.4529,1
21.1333,19,16,8.0705,16.0,0.1503,1
0.0,12,19,7.8906,11.9333,0.0,0
50.3,6,3,7.4823,3.0,0.0995,0
40.7667,11,8,8.0087,8.0,0.0498,0
0.1,10,12,16.4408,9.7667,0.0,0
0.0,8,19,7.8652,7.4333,0.0,0
0.0,4,9,8.1743,3.9,0.0,0
9.9,25,20,7.6198,20.0,0.1921,1
37.4333,14,10,167.6128,10.0,0.2151,1
0.2667,4,6,7.4648,4.2333,0.0,0
40.4667,25,12,187.8616,12.0,0.4647,1
0.0,11,17,7.4868,10.7,0.0,0
73.2333,9,3,7.9893,3.0,0.3453,1
0.0,10,15,29.6219,10.1333,0.0,1
0.0,11,17,15.1517,9.5667,0.1277,1
24.5333,18,16,104.6372,16.0,0.0623,1
0.5,11,13,7.6699,11.2333,0.0,0
0.0,6,14,7.4188,6.0667,0.0,0
11.8333,20,17,81.8154,17.0,0.1298,1
0.0,3,12,8.1917,3.6667,0.0,0
1.2,7,8,7.3284,6.9667,0.0,0
0.0,6,14,7.7782,5.4333,0.0,0
19.8333,18,3,165.8228,3.0,0.7974,1
38.5667,18,10,8.119,10.0,0.377,1
52.9333,23,5,7.8521,5.0,0.6931,1
26.5,12,10,7.47,10.0,0.0278,0
8.0,21,4,7.5396,4.0,0.7994,1
46.0333,12,6,7.5247,6.0,0.3538,1
0.4667,5,6,7.2687,4.5667,0.0,0
35.7667,15,13,7.6017,12.9667,0.0,0
24.8667,19,15,7.6756,15.0,0.1434,1
0.0,6,12,7.4725,6.1333,0.0,0
45.9333,19,13,7.4937,13.0,0.2214,1
0.0,5,19,7.5607,5.0,0.0,0
13.6667,16,15,7.3527,15.0,0.0,0
0.0,19,12,7.8133,11.0,0.4261,1
16.5333,9,8,7.5062,7.9333,0.0,0
12.0,4,3,7.8937,3.0,0.0,0
1.1667,4,5,7.8217,3.7,0.0,0
1.5333,17,18,7.6736,17.0,0.0,0
55.3333,25,13,7.6743,13.0,0.4053,1
38.0,25,7,7.9561,7.0,0.6693,1
25.3,21,10,7.7877,10.0,0.4759,1
43.6,13,7,1951.3814,7.0,0.3238,1
19.9,17,16,7.7479,15.9333,0.0116,0
47.7333,24,12,7.533,12.0,0.4331,1
71.0333,22,11,7.7579,11.0,0.3968,1
8.0,24,13,198.7736,13.0,0.4472,1
2.6,11,11,7.6726,10.8333,0.0,0
0.0,4,20,8.3076,3.8667,0.0,0
39.8333,20,10,7.8667,10.0,0.4338,1
42.2333,23,12,7.6681,12.0,0.4128,1
0.0,11,18,7.8674,11.4,0.0,0
36.8,21,7,7.7772,7.0,0.6113,1
1.0,16,16,7.6456,15.3,0.0,0
0.0,3,10,7.6077,2.9667,0.0,0
0.0,8,17,7.5303,7.6667,0.0,0
0.0,13,20,7.7887,12.6,0.0,0
17.6333,24,14,163.8413,14.0,0.384,1
8.0,19,5,7.8211,5.0,0.7266,1
11.0,25,8,7.9596,8.0,0.6653,1
8.0,24,16,74.7211,16.0,0.3213,1
83.6333,17,3,7.3025,3.0,0.6358,1
0.0,5,16,8.2227,5.3,0.0,0
0.0,8,11,7.3898,8.0667,0.0,0
0.0,3,19,7.3845,3.7333,0.0,0
7.4,12,11,7.667,11.0,0.0,0
0.0,3,10,7.7984,3.3667,0.0,0
0.0,6,12,7.7438,5.5667,0.0,0
12.0,19,5,7.6946,5.0,0.7192,1
0.0,3,17,7.3833,3.6667,0.0,0
56.1667,16,11,7.8517,11.0,0.1303,1
22.7333,18,6,7.4876,6.0,0.6349,1
65.7,20,13,7.4989,13.0,0.2552,1
0.0,14,18,8.0386,14.2667,0.0,0
41.3,7,4,7.9755,4.0,0.2267,1
0.0,11,19,7.9811,10.8,0.0,0
0.0,8,16,171.1708,8.1333,0.0,1
0.0,3,15,7.5067,3.7,0.0,0
52.4333,14,4,126.4058,4.0,0.5594,1
51.0,21,8,7.419,8.0,0.5288,1
0.0,5,8,7.9223,5.0667,0.0,0
2.5,17,17,7.7656,16.8333,0.0,0
26.9,22,18,7.4893,18.0,0.1337,1
0.0,5,15,64.0789,5.3667,0.0,1
23.6667,17,3,7.152,3.0,0.7869,1
57.5333,21,12,7.3114,12.0,0.3167,1
0.0,4,14,16.534,3.9333,0.0,0
0.0,12,16,7.9709,11.7333,0.0,0
58.2,13,8,7.6392,8.0,0.1587,1
35.2667,24,6,7.6321,6.0,0.6945,1
6.5333,17,17,7.6659,16.9,0.0,0
80.6667,22,8,531.583,8.0,0.4992,1
0.0,9,13,7.4176,8.9667,0.0,0
64.9667,7,3,7.8582,3.0,0.1982,1
57.9333,24,11,366.687,11.0,0.4533,1
0.0,4,9,7.882,4.4667,0.0,0
0.7,11,12,30.2549,11.0,0.0,1
0.0,12,15,7.3371,12.2333,0.0,0
0.0,8,14,7.4566,8.2333,0.0,0
48.0,7,3,7.9822,3.0,0.3808,1
75.6333,19,10,8.0465,10.0,0.3253,1
53.9,20,13,7.8056,13.0,0.242,1
19.9,23,5,7.6172,5.0,0.7575,1
0.0,6,12,7.6803,7.0,0.0,0
0.0,3,9,7.4786,3.8,0.0,0
0.0,8,16,7.9856,8.3333,0.0,0
4.0,21,7,7.6299,7.0,0.6614,1
30.8667,15,13,261.5722,13.0,0.0,1
55.3333,10,4,7.7931,4.0,0.3934,1
34.8667,9,6,8.1161,6.0,0.0934,0
0.0,15,19,7.6809,14.7,0.0,0
29.4667,9,6,7.6179,6.0,0.1679,1
0.0,5,10,24.4125,4.3333,0.0,1
0.3333,17,19,7.7917,17.0667,0.0,0
0.0,6,14,7.9993,6.4333,0.0,0
0.8,5,7,7.4324,5.7667,0.0,0
0.0,5,9,7.8443,4.2667,0.0,0
21.9,25,7,7.7856,7.0,0.6939,1
0.1333,10,12,7.6764,9.6333,0.0,0
32.1,16,4,8.3719,4.0,0.6724,1
0.0,7,16,8.1123,7.2,0.0,0
65.2667,10,4,7.9133,4.0,0.2607,1
9.0,18,6,7.4784,6.0,0.6441,1
17.3667,3,3,7.9767,3.0,0.0,0
43.6,24,7,134.5977,7.0,0.6393,1
3.2333,6,6,7.6689,5.6333,0.0,0
4.0,15,7,22.6152,7.0,0.5265,1
39.1667,16,13,61.154,13.0,0.123,1
12.2,11,8,7.9361,8.0,0.2118,1
0.0,6,8,7.7419,5.7333,0.0,0
0.6333,9,10,7.5358,8.9,0.0,0
0.0,7,16,7.7871,7.0333,0.0,0
0.0,6,12,7.8023,5.7,0.0,0
10.5333,8,7,388.2456,6.8,0.0418,1
41.7667,25,19,7.8366,19.0,0.158,1
0.0,13,17,8.107,13.1667,0.0,0
25.2333,18,16,7.9268,16.0,0.0464,0
11.0,24,10,7.8088,10.0,0.5576,1
18.1667,11,6,6.9358,6.0,0.4232,1
1.6667,12,13,7.7629,12.1,0.0,0
0.0,8,11,7.5718,8.5333,0.0,0
0.0,6,18,8.0224,5.8333,0.0,0
58.7667,22,11,752.128,11.0,0.4119,1
80.7333,13,4,8.0523,4.0,0.4518,1
10.8333,12,8,7.7725,8.0,0.3412,1
0.0,5,18,7.5992,5.5,0.0,0
22.0667,4,3,7.5603,2.9333,0.0,0
21.0667,10,5,7.9898,5.0,0.413,1
66.2333,24,16,357.4345,16.0,0.206,1
0.0,3,9,7.5892,3.1,0.0,0
0.0,5,16,8.252,4.1333,0.0,0
11.0,20,5,7.7584,5.0,0.7416,1
0.3,12,13,7.7059,11.6667,0.0,0
30.1667,19,12,176.2538,12.0,0.3147,1
0.0,15,17,8.076,15.1667,0.0421,0
47.6,18,14,7.6646,14.0,0.0798,0
28.7,22,5,8.0868,5.0,0.73,1
38.8667,25,11,73.9397,11.0,0.5144,1
3.7,10,8,7.8172,8.0,0.1701,1
0.0,9,14,7.8829,8.7667,0.0,0
20.5667,12,3,8.4272,3.0,0.6801,1
44.4333,17,12,470.182,12.0,0.1809,1
10.0,17,5,50.8992,5.0,0.6869,1
0.0,10,18,15.1809,10.6667,0.0,0
19.0667,7,6,106.0798,5.9,0.0,1
1.7,5,6,7.1694,4.7,0.0,0
0.3333,7,8,7.1826,6.4,0.0,0
0.0,7,12,7.7301,6.9667,0.0,0
19.7667,20,16,142.0541,16.0,0.1605,1
0.0,16,19,8.2146,15.5333,0.0,0
8.7,8,8,82.5634,8.0,0.0,1
69.5667,25,7,7.9264,7.0,0.6115,1
43.9,23,15,274.3913,15.0,0.2942,1
0.0,7,14,7.8693,7.4667,0.0,0
0.0,8,12,16.4527,8.1333,0.0,0
9.6333,9,9,7.8887,8.8667,0.0,0
0.0,6,13,7.5874,5.8333,0.0,0
0.1333,9,11,24.8012,8.7667,0.0,1
82.6667,21,7,8.2031,7.0,0.5207,1
5.5667,17,17,66.0613,16.9,0.0,1
0.1667,8,10,7.6839,7.7333,0.0,0
0.9667,13,14,7.9053,12.8667,0.0,0
0.0,9,16,7.4422,8.6667,0.0,0
49.2,23,16,7.5814,16.0,0.2573,1
40.8333,14,9,8.2379,9.0,0.2553,1
55.8667,13,7,7.6032,7.0,0.303,1
9.8333,20,12,7.6851,12.0,0.3854,1
0.6333,6,7,7.9528,5.8333,0.0,0
74.8333,24,7,7.5449,7.0,0.5972,1
0.0,9,12,7.8995,9.1333,0.0,0
49.0,23,19,7.7942,19.0,0.1085,1
70.8333,14,4,7.9301,4.0,0.5392,1
3.2667,9,9,7.9588,8.6667,0.0,0
12.3,5,4,6.9929,4.0,0.2176,1
42.6667,18,14,7.9494,14.0,0.1358,1
52.3667,25,19,485.0074,19.0,0.1319,1
23.8333,5,3,8.0839,3.0,0.0,0
63.9,25,6,7.1412,6.0,0.6689,1
7.8667,16,11,7.7097,11.0,0.2747,1
0.0,7,13,7.6292,6.5667,0.0,0
32.9667,18,14,7.809,14.0,0.1587,1
65.8333,21,15,370.6469,15.0,0.1721,1
49.5333,13,5,7.3393,5.0,0.4703,1
4.8667,6,5,7.7601,4.9667,0.0,0
0.0,5,11,7.6272,5.3333,0.0,0
3.2667,6,6,7.5419,5.9333,0.0,0
19.5,10,4,7.8474,4.0,0.5189,1
71.4333,18,10,7.463,10.0,0.2553,1
0.0,12,18,7.8826,11.4333,0.0,0
57.8,19,4,8.2623,4.0,0.6863,1
68.8667,12,6,7.7532,6.0,0.2299,1
0.0,5,8,7.5642,5.0667,0.0,0
10.6667,10,5,7.36,5.0,0.427,1
0.0,14,18,7.8781,13.5,0.0,0
37.2667,16,13,7.6839,13.0,0.0585,0
52.3667,21,11,7.854,11.0,0.3963,1
6.0333,15,15,8.192,15.0,0.0,0
34.7667,11,9,717.8054,9.0,0.0323,1
0.1333,14,16,7.7574,13.8667,0.0,0
0.0,9,18,7.8431,9.5,0.0,0
0.0,10,18,7.4661,9.8333,0.0,0
0.0,11,17,7.6232,11.0333,0.0,0
0.0,7,17,7.8608,7.4667,0.0,0
63.0333,21,10,7.8548,10.0,0.4051,1
0.0,11,16,7.6555,10.6333,0.042,0
0.0,4,9,258.8137,3.6,0.0,1
0.0,5,14,7.3936,4.9333,0.0,0
3.9,17,17,15.5889,16.8667,0.0,0
35.1,21,15,19.2951,15.0,0.2339,1
57.6333,14,8,580.1514,8.0,0.256,1
24.4667,18,7,8.0382,7.0,0.5719,1
0.0,9,12,7.4667,9.0667,0.0,0
0.0,3,13,8.3588,3.8333,0.0,0
52.7,24,18,7.5252,18.0,0.1578,1
26.9,22,18,7.9667,18.0,0.1271,1
0.0,7,14,7.8661,6.7667,0.0,0
25.8667,20,11,7.5353,11.0,0.3959,1
0.8333,14,15,7.5026,14.0333,0.0,0
0.0,4,17,8.0136,4.2333,0.0,0
0.0,7,14,7.4868,7.2667,0.0,0
46.7333,7,3,7.2329,3.0,0.2376,1
0.0,4,19,8.5083,4.2667,0.0,0
0.0,4,19,7.9306,4.9667,0.0,0
81.2333,14,5,8.0926,5.0,0.4262,1
12.0,22,8,8.0546,8.0,0.6188,1
0.0,5,12,7.0956,4.5667,0.0,0
0.0,9,17,7.4916,8.9,0.0,0
0.6667,6,7,8.2204,5.7333,0.0,0
0.0,7,10,7.4667,6.9667,0.0,0
0.0,11,17,7.5534,10.8,0.0,0
1.0,23,18,7.6109,18.0,0.2193,1
7.5333,15,13,8.096,13.0,0.155,1
32.7333,13,7,7.51,7.0,0.3509,1
20.6333,23,10,7.4104,10.0,0.5355,1
35.3,24,14,7.5335,14.0,0.3635,1
16.4,22,16,8.3316,16.0,0.256,1
60.6667,15,6,8.0093,6.0,0.4334,1
11.4667,18,13,7.6316,13.0,0.2691,1
72.2,24,13,7.9464,13.0,0.3602,1
70.0333,21,7,513.6299,7.0,0.5447,1
0.0,7,15,7.519,7.3333,0.0,0
15.5333,5,4,7.0328,3.9667,0.0,0
50.1667,23,11,262.3176,11.0,0.4303,1
34.5333,15,11,8.1154,11.0,0.177,1
42.0,24,8,7.7328,8.0,0.608,1
0.0,13,18,7.6741,12.9,0.0,0
41.7667,6,3,7.6729,3.0,0.0,0
83.1667,19,3,7.1237,3.0,0.6808,1
25.3667,21,12,406.5987,12.0,0.3713,1
63.1333,23,4,7.2745,4.0,0.7277,1
0.0,10,13,7.3214,10.0667,0.0,0
38.6333,10,4,8.1644,4.0,0.4776,1
77.5333,20,6,7.663,6.0,0.5656,1
10.0,23,11,8.1176,11.0,0.5191,1
0.0,13,17,7.6925,13.2,0.0,0
45.7,14,9,7.6412,9.0,0.2304,1
65.8333,15,7,8.1223,7.0,0.3815,1
25.1667,19,7,7.5467,7.0,0.5816,1
4.3333,10,10,7.6389,9.8,0.0068,0
0.0,16,19,31.7242,16.6,0.0,1
31.5,17,13,7.7942,13.0,0.1403,1
14.0,13,12,7.7025,11.9667,0.0741,0
9.0,25,3,8.337,3.0,0.8664,1
56.8,10,6,8.2806,6.0,0.1661,1
13.0,20,7,8.387,7.0,0.6302,1
3.4333,18,18,7.5821,17.8333,0.0,0
17.0,22,4,8.034,4.0,0.7931,1
0.0,9,20,7.7748,8.6,0.0,0
42.4333,13,8,7.2632,8.0,0.2775,1
54.2333,16,4,7.4349,4.0,0.6292,1
14.8,14,7,7.7361,7.0,0.4643,1
6.0,19,7,7.6377,7.0,0.6333,1
1.3667,19,20,7.6922,19.1333,0.0,0
31.4667,19,9,8.1021,9.0,0.474,1
51.2,25,15,7.7219,15.0,0.3181,1
0.0333,4,6,8.528,3.3,0.0,0
81.0667,19,3,7.3716,3.0,0.6838,1
70.9333,24,13,7.6433,13.0,0.3615,1
17.4333,17,11,7.5155,11.0,0.3068,1
2.0,13,14,7.635,13.1,0.0,0
44.6,23,4,7.0704,4.0,0.7555,1
23.8333,20,12,47.8319,12.0,0.3452,1
42.2667,12,7,7.4296,7.0,0.2981,1
57.0667,14,10,8.0819,10.0,0.1048,1
49.9,14,5,7.2011,5.0,0.5342,1
0.0,6,13,7.4679,6.2,0.0,0
80.0333,24,3,8.0764,3.0,0.7532,1
84.1667,18,5,7.8535,5.0,0.5547,1
8.0,21,12,7.8155,12.0,0.4303,1
22.9,22,15,7.9739,15.0,0.2807,1
17.8,20,6,7.89,6.0,0.6655,1
31.1333,14,4,7.8595,4.0,0.6222,1
49.4333,14,3,7.6095,3.0,0.669,1
0.0,21,20,7.6686,12.0,0.4313,1
18.9333,25,20,7.6433,20.0,0.1755,1
54.2,13,7,7.2215,7.0,0.3051,1
0.0,5,16,7.7912,5.6333,0.0,0
54.2667,23,11,7.9806,11.0,0.4425,1
25.7,11,6,7.2243,6.0,0.3631,1
41.3333,20,15,7.789,15.0,0.1796,1
0.0,15,18,7.3322,10.0,0.3007,1
0.5333,3,5,8.0305,4.2,0.0,0
0.0,7,13,7.495,7.2333,0.0,0
41.6667,14,5,7.0944,5.0,0.5621,1
42.9,14,3,6.9013,3.0,0.6882,1
0.0,6,15,7.4087,6.1667,0.0,0
0.9667,13,14,243.8494,12.8667,0.0,1
67.0,24,16,80.2446,16.0,0.2218,1
1.0,25,15,25.4771,15.0,0.3971,1
58.8667,18,8,7.9577,8.0,0.4465,1
6.0,13,4,7.46,4.0,0.6826,1
43.9667,23,5,7.7443,5.0,0.7206,1
77.9667,25,10,207.9954,10.0,0.4921,1
2.8667,10,10,7.7623,9.8667,0.0,0
38.2,13,9,7.7668,9.0,0.1844,1
20.8,25,11,7.9174,11.0,0.5345,1
0.0,14,10,7.8535,10.0,0.2611,1
50.8,18,9,8.077,9.0,0.367,1
23.7333,25,6,196.6667,6.0,0.7236,1
22.1333,19,11,7.5232,11.0,0.3861,1
19.5667,22,14,58.8317,14.0,0.3353,1
0.0,3,16,7.4527,3.5333,0.0,0
43.5667,23,16,8.2001,16.0,0.2243,1
5.0,13,9,49.7838,9.0,0.309,1
48.0667,9,4,7.6367,4.0,0.3027,1
50.8333,11,8,7.6051,8.0,0.0843,0
75.6333,20,4,7.6264,4.0,0.6622,1
0.0,9,14,7.5937,8.6,0.0,0
0.0,14,19,37.4944,13.2333,0.0,1
0.0,5,10,8.1563,4.9667,0.0,0
30.8,24,18,7.5757,18.0,0.2243,1
71.4,24,3,1162.2975,3.0,0.7616,1
0.0,5,14,7.5976,5.7667,0.0,0
33.1333,22,16,8.151,16.0,0.2083,1
7.0,20,10,113.9431,10.0,0.4984,1
59.2,15,3,7.9865,3.0,0.6615,1
24.4,6,4,7.7581,4.0,0.2573,1
65.4333,18,5,7.6448,5.0,0.5806,1
37.2667,23,7,364.6356,7.0,0.6462,1
26.7333,17,10,7.6386,10.0,0.3556,1
24.4667,22,17,156.5309,17.0,0.19,1
40.7,19,4,8.3352,4.0,0.7092,1
51.4333,13,9,8.1093,9.0,0.1179,1
26.2,22,12,7.6483,12.0,0.4198,1
26.3667,19,14,8.0099,14.0,0.2071,1
0.0,3,8,8.0981,2.5,0.0,0
7.4,7,6,7.5182,6.0,0.0,0
0.0,9,13,7.8793,9.1667,0.0,0
19.3,11,7,390.068,7.0,0.2936,1
60.0667,22,13,7.6986,13.0,0.3018,1
25.6333,16,12,7.3322,12.0,0.1828,1
15.5333,23,19,61.2676,19.0,0.1688,1
14.8333,14,7,7.2305,7.0,0.4898,1
1.0667,7,8,7.7441,6.7667,0.0,0
47.8333,20,9,7.5142,9.0,0.4772,1
0.0,12,19,7.9598,11.0333,0.0,0
0.0,9,18,7.5916,9.0333,0.0,0
59.1,20,12,7.5656,12.0,0.2645,1
0.0,5,17,7.9148,5.2333,0.0,0
42.4333,19,12,425.6048,12.0,0.2595,1
24.0,6,4,7.6124,4.0,0.2211,1
0.1,10,12,8.3705,10.2,0.0,0
2.0333,11,11,7.946,10.8,0.0,0
53.7,25,18,7.7301,18.0,0.2018,1
44.1,24,13,7.6722,13.0,0.4027,1
18.4,24,15,7.581,15.0,0.3413,1
0.0,10,18,66.6369,9.9,0.0,1
37.8667,14,11,7.4722,11.0,0.0368,0
0.0,3,7,7.8523,3.2,0.0,0
10.7,14,14,7.6159,13.8,0.0,0
0.0,13,16,7.9611,13.1,0.0,0
0.0,11,20,7.7598,10.9333,0.015,0
0.0,10,14,7.6376,10.0,0.0,0
23.6333,18,16,284.624,16.0,0.032,1
8.9,17,16,7.5581,16.0,0.0139,0
66.4,22,15,136.1371,15.0,0.1976,1
42.9,25,8,123.0112,8.0,0.6218,1
69.4,24,15,160.3166,15.0,0.2936,1
5.4333,7,7,29.2961,6.8,0.0,1
81.9,25,5,326.8832,5.0,0.678,1
42.0,20,14,24.0544,14.0,0.2095,1
0.0,7,17,7.9133,6.9,0.0,0
0.0,14,19,34.4169,14.1667,0.0,1
9.8333,20,14,35.3063,14.0,0.2939,1
19.7667,22,8,140.9424,8.0,0.6043,1
2.9667,8,8,64.1407,7.7333,0.0,1
46.1,9,6,44.4869,6.0,0.086,1
0.0,3,20,8.1964,3.4333,0.0,0
0.0,15,19,7.4873,14.6333,0.0,0
13.5333,16,10,7.2434,10.0,0.3376,1
60.0667,19,12,441.1117,12.0,0.2439,1
80.9667,24,7,252.3071,7.0,0.5875,1
43.7333,22,3,126.9398,3.0,0.7997,1
2.6333,14,14,7.5343,13.6,0.0,0
8.0,24,10,7.9261,10.0,0.568,1
0.0,9,17,7.964,8.5667,0.0,0
0.0,13,16,7.6487,13.7333,0.0,0
0.0,4,20,7.8724,3.7,0.0,0
17.0667,25,18,7.6359,18.0,0.2377,1
0.0,3,8,7.813,3.8,0.0,0
62.9667,25,7,7.6371,7.0,0.634,1
0.0,3,11,7.8804,3.3333,0.0,0
41.7667,24,20,337.7967,20.0,0.0787,1
0.0,8,11,7.7764,7.8667,0.0,0
25.4,7,4,7.2204,4.0,0.2754,1
30.7667,24,12,7.8089,12.0,0.4548,1
0.0,22,19,7.9055,10.0,0.5392,1
0.0,12,19,7.7833,12.0667,0.0,0
11.0,19,4,7.9824,4.0,0.7686,1
5.9333,5,4,51.7012,3.9333,0.0915,1
0.0,11,16,7.7828,10.5667,0.0,0
8.0,7,6,7.9277,6.0,0.1525,1
53.4333,21,11,7.6315,11.0,0.3712,1
30.6333,17,15,8.1044,15.0,0.0,0
0.0,6,10,7.8104,6.4,0.0,0
0.0,12,20,7.9555,9.8667,0.1638,1
27.5333,16,13,7.4809,13.0,0.1111,1
1.5,9,9,7.6516,8.1,0.0,0
58.3667,16,8,7.6088,8.0,0.3467,1
0.0,4,18,7.2444,4.2,0.0,0
0.0,14,19,140.007,14.0,0.0,1
0.0,7,19,7.9647,7.0,0.0,0
61.3667,19,11,7.5037,11.0,0.2749,1
20.4333,16,14,8.2867,13.9667,0.1087,1
0.0,7,10,35.4866,6.2667,0.0,1
14.2333,16,15,7.9779,15.0,0.0333,0
17.9,14,13,7.5925,13.0,0.0326,0
4.8667,14,10,7.8616,10.0,0.279,1
0.0,11,14,8.2709,11.1,0.0,0
22.1333,5,3,7.8086,3.0,0.0451,0
56.2,25,20,7.7428,20.0,0.1077,1
23.2667,24,16,7.6456,16.0,0.2971,1
25.1333,23,13,7.3963,13.0,0.3763,1
35.6333,12,7,7.5669,7.0,0.2918,1
33.5,11,7,8.3131,7.0,0.256,1
0.0,7,10,7.6231,7.1667,0.0,0
0.0,10,20,7.8644,10.1,0.0,0
71.1667,22,9,7.6229,9.0,0.4663,1
25.0,10,8,7.6698,8.0,0.0,0
42.8333,22,10,7.8049,10.0,0.4781,1
44.0333,25,16,7.588,16.0,0.3011,1
0.0,9,12,7.7424,8.3,0.0,0
56.1333,21,7,7.6343,7.0,0.5721,1
48.7,17,11,7.4042,11.0,0.2341,1
23.1667,17,16,7.5297,16.0,0.0057,0
34.0667,19,7,7.8062,7.0,0.5694,1
1.4,11,12,7.952,10.9333,0.0,0
55.6,12,5,7.9477,5.0,0.3938,1
0.0,10,16,7.7789,10.0333,0.0535,0
21.8333,13,11,7.8368,11.0,0.0623,0
0.0,10,19,7.669,10.0667,0.0,0
0.0,7,19,7.6926,7.0667,0.0,0
63.3667,15,5,7.6431,5.0,0.5143,1
65.2667,21,7,1330.1837,7.0,0.5557,1
13.8,18,7,165.4373,7.0,0.5797,1
60.6,15,9,7.9287,9.0,0.2374,1
29.9667,25,15,97.8145,15.0,0.3646,1
52.5333,16,7,7.4906,7.0,0.4517,1
47.0333,13,9,7.8662,9.0,0.18,1
46.2333,19,7,7.7602,7.0,0.5488,1
51.2667,12,8,7.3124,8.0,0.1471,1
29.1667,23,13,7.7632,13.0,0.3805,1
6.7333,4,4,349.051,3.8667,0.0458,1
0.0,11,20,7.6931,10.8,0.0,0
0.0,23,13,7.8948,13.0,0.4348,1
16.0,22,8,7.7066,8.0,0.5897,1
0.0,7,20,8.1144,6.3667,0.0,0
0.0,8,17,19.7357,7.6,0.0,0
0.0,21,13,7.6247,11.0,0.4939,1
27.3333,16,10,104.0352,10.0,0.3146,1
0.0667,8,10,22.7357,8.0,0.0,1
0.0,11,14,7.8707,10.9333,0.0,0
2.0,18,10,47.2981,10.0,0.4407,1
69.6333,16,5,7.0813,5.0,0.522,1
17.9,9,6,7.5932,6.0,0.2754,1
49.6333,17,7,7.4655,7.0,0.4803,1
25.8333,13,5,405.93,5.0,0.5426,1
0.0,4,20,7.5108,3.9333,0.0,0
1.0,16,12,8.2558,12.0,0.2541,1
57.5,21,6,7.1894,6.0,0.6223,1
46.6333,12,5,8.4454,5.0,0.4012,1
0.8,14,15,12.5166,13.7667,0.0,0
0.2333,12,14,7.2715,12.1667,0.0,0
0.0,11,19,7.5973,11.0,0.0,0
56.2667,19,13,323.587,13.0,0.159,1
0.0,9,16,7.686,8.7,0.0,0
67.9667,23,7,571.3919,7.0,0.5889,1
2.2667,20,19,17.5811,18.8667,0.0626,0
7.6667,22,17,7.864,17.0,0.2055,1
60.9333,15,10,297.0858,10.0,0.1566,1
0.0,4,7,8.0698,3.7667,0.0,0
37.7333,16,11,50.068,11.0,0.1711,1
0.0,12,18,8.1612,11.9667,0.0,0
65.9667,23,8,660.2632,8.0,0.5557,1
58.4667,21,16,7.7118,16.0,0.0769,0
2.6,3,3,8.0946,2.7,0.0,0
26.5667,18,13,7.9362,13.0,0.2222,1
0.0,14,17,86.7948,13.8,0.0,1
52.0667,18,10,7.8488,10.0,0.3201,1
18.3667,7,4,7.6099,4.0,0.2843,1
50.4,20,3,350.8136,3.0,0.7617,1
0.0,3,20,7.4185,3.3667,0.0,0
0.0,6,11,8.2311,6.6667,0.0,0
0.0,10,14,7.626,9.8667,0.0,0
5.7667,15,15,7.5824,14.6667,0.0,0
62.7333,13,5,739.4613,5.0,0.4369,1
0.0,9,20,7.7086,9.3333,0.0,0
0.0,7,13,8.0453,7.4,0.0,0
0.7333,11,12,7.7291,10.8667,0.0,0
57.0667,21,12,323.3571,12.0,0.3026,1
17.4667,14,13,8.1247,13.0,0.0,0
78.2667,24,8,273.9644,8.0,0.5494,1
73.1,23,5,8.2032,5.0,0.6612,1
29.6,11,9,7.6025,9.0,0.0,0
45.4,6,3,8.5911,3.0,0.0,0
0.0,14,20,7.8797,13.9667,0.0,0
1.3,10,11,33.5512,10.4,0.0,1
0.0,12,15,7.8931,12.7667,0.0,0
0.0,4,15,7.556,4.3667,0.0,0
4.6667,14,14,7.6705,13.7333,0.0,0
0.0,14,16,7.8481,12.4333,0.0835,0
2.0,22,17,89.5298,17.0,0.2266,1
69.3,24,14,7.5825,14.0,0.3192,1
0.6333,8,9,7.4293,7.5,0.0,0
4.0,24,14,7.9952,14.0,0.402,1
25.6,15,10,7.9458,10.0,0.3043,1
0.0,7,16,7.8599,7.1333,0.0,0
3.2,11,11,7.6284,10.7,0.0,0
31.6333,22,13,7.6084,13.0,0.3232,1
2.1,3,4,7.7839,3.4,0.0,0
27.4333,21,8,7.7938,8.0,0.578,1
0.0,3,8,7.1507,3.9,0.0,0
1.6,12,13,7.974,12.6333,0.0,0
0.0,6,20,7.5965,5.9667,0.0,0
0.0,10,20,116.1108,10.3,0.0,1
0.0,4,11,15.106,4.2333,0.0,0
0.0,9,20,6.921,8.4667,0.0,0
48.9333,24,4,7.7173,4.0,0.7619,1
69.7333,23,14,8.0384,14.0,0.257,1
45.2667,24,16,7.8564,16.0,0.245,1
69.9333,18,3,7.8034,3.0,0.6935,1
39.0667,14,5,8.1624,5.0,0.5409,1
0.0,12,19,7.6304,12.3,0.0,0
73.8667,23,8,7.8383,8.0,0.552,1
13.9333,8,6,7.9167,6.0,0.1205,1
40.6333,20,15,7.7627,15.0,0.1647,1
1.7667,10,11,7.969,10.3667,0.0,0
68.6667,23,11,2023.5733,11.0,0.4302,1
30.5667,6,4,7.4949,4.0,0.0,0
0.2333,11,13,7.6537,11.2667,0.0,0
5.0,22,13,102.6651,13.0,0.3969,1
20.5667,12,11,42.649,11.0,0.0027,1
1.1333,9,9,7.6309,8.4333,0.0,0
0.0,6,19,29.5329,5.9667,0.0,1
18.3333,8,7,7.5313,7.0,0.0,0
23.4667,25,14,7.7634,14.0,0.3976,1
0.0,6,15,7.1436,6.0667,0.0,0
1.4667,17,18,101.0114,17.0667,0.0,1
80.5667,24,5,443.0963,5.0,0.6763,1
55.4,23,7,390.2917,7.0,0.6193,1
37.0333,15,6,7.3315,6.0,0.5197,1
0.3333,8,10,7.7997,8.4667,0.0,0
29.4,25,10,7.954,10.0,0.5576,1
58.9667,20,16,7.3398,16.0,0.0934,0
0.0,5,10,7.4839,5.1333,0.0,0
18.7667,19,15,7.6447,15.0,0.1938,1
56.6,21,8,7.9457,8.0,0.5268,1
4.2,11,10,7.6857,10.0,0.0,0
72.4333,25,11,7.6798,11.0,0.4479,1
28.2333,11,6,8.1358,6.0,0.3664,1
0.0,8,15,7.7785,8.1667,0.0,0
0.2,15,17,7.5643,15.1333,0.0,0
24.0333,19,18,7.7868,18.0,0.0,0
0.0,9,16,7.7503,9.3333,0.0,0
6.5,12,12,7.6653,11.8333,0.0,0
37.2667,20,14,7.6241,14.0,0.2455,1
1.1667,11,12,7.5527,11.3667,0.0,0
0.0,5,10,8.0222,5.2667,0.0,0
19.7333,16,6,7.6112,6.0,0.5754,1
0.8667,8,9,7.8732,7.9333,0.0,0
23.7,25,16,7.6663,16.0,0.3293,1
8.0,23,4,7.986,4.0,0.8075,1
13.9,17,6,8.2435,6.0,0.6158,1
53.4,14,7,7.6914,7.0,0.3802,1
25.7667,18,16,7.6201,16.0,0.062,0
17.2333,15,14,7.5531,14.0,0.0,0
22.3,13,5,7.8577,5.0,0.5811,1
63.8,13,7,14344.8842,7.0,0.2695,1
63.2333,12,6,7.4213,6.0,0.281,1
0.0,9,19,7.9661,9.4667,0.0,0
6.0,17,7,132.0623,7.0,0.5894,1
6.8333,5,4,7.692,3.9667,0.0,0
4.0,17,12,7.7209,12.0,0.3145,1
0.3667,10,11,7.5325,9.9667,0.0,0
0.0,5,8,8.0695,5.3333,0.0,0
26.6667,6,3,19475.1063,3.0,0.2313,1
0.0,9,13,16.7382,9.4333,0.0,0
71.8667,23,15,193.9306,15.0,0.2317,1
0.0,12,20,28.3483,12.3,0.0,1
6.5,15,15,18.8073,15.0,0.0,0
0.0,11,19,8.1839,11.1,0.0,0
19.8333,21,9,170.1867,9.0,0.5426,1
0.0,12,19,7.9907,12.5,0.0,0
8.9333,20,14,7.7276,14.0,0.2909,1
39.8,19,16,239.45,16.0,0.0456,1
0.0,5,15,34.7983,6.0333,0.0,1
0.0,6,19,8.1344,5.8,0.0,0
34.2333,22,15,8.1283,15.0,0.2699,1
33.6667,24,12,7.797,12.0,0.4444,1
0.3333,16,17,7.8893,15.6,0.0,0
59.0333,16,11,7.6188,11.0,0.1575,1
40.7,16,13,7.7779,13.0,0.0611,0
0.5,14,15,8.2472,13.8,0.0,0
56.3667,11,7,8.27,7.0,0.1479,1
37.4667,18,6,7.8449,6.0,0.5829,1
0.0,9,19,7.4965,8.8667,0.0,0
0.0,3,18,7.5131,3.3667,0.0,0
0.0,12,19,7.7047,11.7333,0.0,0
8.9333,16,6,482.18,6.0,0.6127,1
4.9667,4,4,7.5285,3.7,0.0,0
4.9333,10,9,7.8225,8.8667,0.0,0
77.7,19,9,7.9322,9.0,0.3495,1
81.1667,21,5,8.0617,5.0,0.6337,1
0.0,6,17,8.033,5.8333,0.0,0
0.0,6,20,7.5421,6.7667,0.0,0
52.3667,18,12,7.7145,12.0,0.2322,1
0.0,15,19,7.8421,15.0667,0.0,0
0.0,12,16,7.8571,11.9333,0.0,0
12.7667,21,14,418.6851,14.0,0.3213,1
0.0,14,17,7.786,13.4667,0.0,0
59.7333,16,5,7.6921,5.0,0.5594,1
0.0,8,12,64.7449,8.3333,0.0,1
59.5,7,3,6.8839,3.0,0.1495,1
0.0,4,13,8.0832,4.1,0.0,0
0.0,5,18,7.9277,4.8,0.0,0
0.0,22,16,64.4299,13.0,0.4109,1
0.5667,3,4,8.084,2.9333,0.0,0
0.0,11,20,7.6776,11.4667,0.0,0
69.2,17,4,674.8172,4.0,0.6206,1
36.1667,17,10,8.3799,10.0,0.334,1
43.4,20,15,7.7308,15.0,0.1551,1
0.0,5,19,20.6801,5.0667,0.0,1
37.2667,15,9,7.5345,9.0,0.3369,1
27.7,19,12,7.7442,12.0,0.3054,1
0.0,13,19,56.4707,13.6,0.0,1
10.9333,18,6,8.3073,6.0,0.645,1
0.0,8,19,78.1162,7.5667,0.0,1
0.0,6,18,8.1897,6.1,0.0,0
0.0,7,13,8.0144,6.8,0.0,0
0.0,5,17,7.3812,5.2667,0.0,0
57.4667,22,17,345.4968,17.0,0.0807,1
15.7667,22,14,52.9743,14.0,0.3404,1
0.0,3,12,7.2733,3.2667,0.0,0
51.2667,18,4,7.5025,4.0,0.6772,1
8.0333,12,11,7.8492,10.9667,0.0,0
0.0,17,19,15.6462,12.0,0.2927,1
30.3,20,12,7.6569,12.0,0.3488,1
31.7333,17,10,7.8637,10.0,0.336,1
0.0,5,17,8.0322,4.6667,0.0,0
0.0,3,9,8.8274,2.9,0.0,0
41.1667,25,14,7.7265,14.0,0.3892,1
0.9333,4,5,7.4324,4.0,0.0,0
5.9667,20,20,7.9405,19.9,0.0,0
33.2333,22,20,8.0839,20.0,0.0015,0
0.0,16,19,7.7129,15.9,0.0,0
18.8667,22,4,7.9445,4.0,0.791,1
45.3667,19,3,7.3997,3.0,0.7642,1
21.6667,17,5,7.7712,5.0,0.6614,1
86.6,23,3,7.3842,3.0,0.7328,1
0.0,4,15,7.7991,4.1667,0.0,0
0.0,3,17,7.766,3.2,0.0,0
0.2,5,7,8.2287,5.2667,0.0,0
77.5333,24,12,7.6816,12.0,0.3642,1
9.9667,14,7,8.079,7.0,0.4799,1
29.9,16,9,7.9898,9.0,0.396,1
19.0,23,6,7.3558,6.0,0.7116,1
0.0,23,16,7.7608,10.0,0.5588,1
69.5667,19,11,7.6619,11.0,0.2607,1
0.0,6,12,7.7621,6.1667,0.0,0
66.3,18,6,6.8396,6.0,0.541,1
0.4667,3,4,8.1215,3.0333,0.0,0
30.4,24,15,8.0719,15.0,0.3442,1
53.4,19,9,7.9945,9.0,0.4276,1
1.4667,17,17,7.7685,16.6,0.0,0
26.3667,14,12,7.96,12.0,0.031,0
0.0,7,12,7.5299,6.8667,0.0,0
0.0,13,19,7.7442,13.5667,0.0,0
0.0,5,17,156.1558,4.9667,0.0,1
0.1667,14,16,7.6493,13.8667,0.0,0
1.5333,8,9,7.8625,8.5667,0.0,0
0.0,15,19,7.4282,14.7333,0.0,0
0.0,8,14,7.2106,8.1333,0.0,0
13.5,17,14,7.7117,14.0,0.1403,1
55.8,14,9,7.8342,9.0,0.1838,1
0.0,11,15,29.8192,11.4333,0.0,1
5.6,3,3,7.9332,2.9667,0.0196,0
0.0,9,16,7.9165,9.3667,0.0,0
0.0,6,15,7.5212,5.2667,0.0,0
49.9,17,13,8.0957,13.0,0.0755,0
0.0,13,14,7.9134,12.2,0.0188,0
6.5,5,5,7.2667,4.6333,0.0,0
57.8667,23,15,7.7628,15.0,0.2463,1
0.0,6,11,7.2775,5.9667,0.0,0
6.9,16,12,8.1504,12.0,0.2386,1
24.7333,23,4,7.635,4.0,0.7861,1
0.0,7,19,7.3089,6.7667,0.0,0
0.8,12,14,7.9804,12.4,0.0,0
5.0,16,8,7.9515,8.0,0.4809,1
71.2667,19,4,7.62,4.0,0.6519,1
57.8,12,8,7.333,8.0,0.1355,1
77.6,23,13,7.4902,13.0,0.3253,1
44.8667,25,4,8.2414,4.0,0.7772,1
64.6667,20,4,8.5243,4.0,0.6893,1
0.0,17,20,7.8276,16.7333,0.0,0
18.3,13,11,7.4654,11.0,0.1114,1
6.0,21,16,7.3972,16.0,0.2199,1
0.2667,9,11,143.3012,9.3,0.0,1
56.0667,10,6,7.5336,6.0,0.1153,1
21.9667,25,4,7.4521,4.0,0.8158,1
3.0667,20,20,8.0105,19.8,0.0,0
4.1,14,14,7.5325,13.8333,0.0023,0
0.0,10,15,7.9336,10.0667,0.0,0
57.3333,25,7,7.852,7.0,0.6317,1
0.0,11,15,7.7618,10.7667,0.0,0
0.0,15,19,7.4488,14.7333,0.0,0
0.1,5,7,8.1062,4.4,0.0,0
8.8333,23,17,8.0843,17.0,0.2445,1
11.9,18,9,7.7594,9.0,0.4649,1
0.0,7,18,7.5228,6.6333,0.0,0
30.7667,23,11,7.7089,11.0,0.4784,1
48.4667,11,3,7.9414,3.0,0.5667,1
18.4333,22,13,7.9405,13.0,0.3659,1
18.9,19,18,7.91,18.0,0.0,0
0.0,3,12,6.9974,3.1667,0.0,0
16.0,25,11,7.9175,11.0,0.5405,1
0.0,5,18,7.5814,4.7667,0.0,0
0.0,7,17,7.8879,7.0667,0.0,0
48.0333,25,8,194.0378,8.0,0.6081,1
0.0,5,9,8.4034,5.2,0.0,0
42.1,25,18,331.2856,18.0,0.2024,1
66.7,23,9,7.6851,9.0,0.4993,1
55.7,7,3,172.3281,3.0,0.1517,1
0.5,19,20,8.0005,18.7333,0.0,0
0.0,17,20,15.7468,16.9,0.0,0
0.0,4,15,7.7939,3.8333,0.0,0
37.5333,25,4,7.9587,4.0,0.7868,1
0.0,4,8,7.9149,4.0,0.0,0
0.0,4,9,8.3562,3.6,0.0,0
0.1,16,18,7.5333,16.1,0.0,0
0.0,6,13,189.4738,6.1,0.0,1
0.0,11,20,7.9063,11.3667,0.0,0
3.6,6,6,7.4308,5.7,0.0447,0
1.1667,17,16,7.6869,15.8,0.0444,0
61.8333,18,6,762.34,6.0,0.5568,1
8.0,23,11,7.9201,11.0,0.5,1
10.1,13,12,57.7323,12.0,0.0183,1
66.7667,22,10,7.3758,10.0,0.4312,1
2.5333,3,3,8.1577,3.0,0.0,0
41.7667,15,4,7.8597,4.0,0.629,1
53.9,24,19,308.9361,19.0,0.1286,1
8.9333,10,6,7.8018,6.0,0.3679,1
17.4333,20,13,82.6687,13.0,0.3245,1
0.0,7,20,7.7257,7.1,0.0,0
5.0333,20,19,148.3509,19.0,0.0255,1
0.0,5,18,18.562,4.5333,0.0,0
16.3,12,10,35.9007,10.0,0.033,1
10.3333,8,7,8.2719,7.0,0.0385,0
60.9667,19,14,7.8056,14.0,0.1507,1
47.2333,6,3,8.1064,3.0,0.1429,1
61.0667,18,5,7.5577,5.0,0.5897,1
0.3667,18,19,25.3167,17.3333,0.0,1
50.3667,19,14,7.9119,14.0,0.1183,1
24.6667,24,10,7.879,10.0,0.5584,1
56.4,18,6,553.8273,6.0,0.5436,1
0.0,3,9,8.104,3.4667,0.0,0
0.0,12,19,7.6042,12.2667,0.0,0
55.4,20,11,401.6423,11.0,0.3516,1
20.5333,20,17,77.3908,17.0,0.1336,1
0.0,13,16,20.3803,13.8,0.0,1
22.9667,13,12,8.0374,12.0,0.0274,0
5.9667,7,4,7.5765,4.0,0.4028,1
0.0,15,18,51.3844,14.9,0.0,1
27.0,21,11,70.6489,11.0,0.4112,1
5.0,14,13,29.6632,12.9667,0.0294,1
48.9,18,13,134.4082,13.0,0.1651,1
0.0,6,17,8.0338,6.4333,0.0,0
38.4667,15,5,7.4566,5.0,0.5774,1
34.5333,22,3,226.1966,3.0,0.8092,1
7.9667,21,14,20.3508,14.0,0.3217,1
81.5667,17,5,7.3021,5.0,0.5408,1
44.4333,20,15,27.3653,15.0,0.1589,1
25.7,16,12,36.1356,12.0,0.1942,1
8.8,19,14,26.1723,14.0,0.2716,1
33.2333,22,20,7.1361,20.0,0.0441,0
6.0,16,5,7.5196,5.0,0.6803,1
54.5,23,18,7.7813,18.0,0.1268,1
14.5,21,15,7.633,15.0,0.2712,1
10.9667,12,3,7.7568,3.0,0.727,1
0.0,4,10,8.1365,3.9,0.0,0
15.7333,10,3,7.6145,3.0,0.6646,1
18.8,22,6,7.6274,6.0,0.692,1
75.2,22,4,7.5339,4.0,0.6979,1
22.9667,22,14,7.6112,14.0,0.3221,1
51.2,19,8,8.0721,8.0,0.4617,1
1.0333,9,10,53.2891,8.8,0.0,1
6.5333,3,3,6.7361,2.9667,0.0,0
0.0,6,18,7.2742,5.6667,0.0,0
31.8,12,3,7.3681,3.0,0.672,1
56.2,24,11,7.5957,11.0,0.465,1
43.0333,11,3,7.2848,3.0,0.5836,1
0.0,11,16,7.6441,11.4333,0.0,0
0.0,3,16,6.9058,3.7,0.0,0
0.0667,10,12,7.699,9.5667,0.0,0
0.0,5,14,7.8993,5.0667,0.0,0
54.8667,12,5,8.0445,5.0,0.4343,1
0.0,8,13,7.6236,8.4,0.0,0
37.1,9,6,8.0633,6.0,0.0199,0
45.7,22,4,8.1356,4.0,0.7474,1
35.3,24,13,554.485,13.0,0.4078,1
54.3333,23,13,69.9112,13.0,0.3506,1
22.7,22,7,7.8787,7.0,0.6382,1
25.4,13,11,7.3334,11.0,0.0,0
34.9,17,16,7.5539,16.0,0.0,0
0.0,14,19,7.7099,13.7333,0.0,0
0.0,7,14,7.9553,7.1,0.0,0
31.4667,25,9,7.4791,9.0,0.5968,1
0.6,18,19,104.0039,18.2,0.0,1
38.2,12,8,7.9662,8.0,0.1938,1
35.7667,17,6,8.1408,6.0,0.556,1
0.0,7,13,7.3118,6.8333,0.0,0
40.7333,14,11,8.1049,11.0,0.0,0
0.0,5,12,7.6558,4.8333,0.0,0
0.0,6,12,7.4552,5.4333,0.0,0
24.2333,20,17,7.4695,17.0,0.1166,1
0.0,7,20,7.4356,6.3333,0.0,0
22.3,20,10,7.7422,10.0,0.4652,1
34.6,17,12,8.0762,12.0,0.2188,1
52.4,14,8,7.7591,8.0,0.2918,1
60.1333,19,10,1129.3141,10.0,0.3606,1
57.7,22,4,7.773,4.0,0.7305,1
54.4,8,4,7.7717,4.0,0.1967,1
24.6,20,19,8.174,19.0,0.0,0
15.0,23,3,7.6829,3.0,0.846,1
37.9333,25,11,7.5921,11.0,0.5106,1
12.6667,11,10,7.661,9.8667,0.0338,0
28.3,15,13,266.2383,13.0,0.016,1
0.0,6,20,8.4609,5.1667,0.0,0
0.0,6,15,7.8786,5.8667,0.0,0
0.0,4,16,7.6488,3.8667,0.0,0
38.2667,14,4,7.6798,4.0,0.6126,1
0.2333,14,16,7.8485,14.2667,0.0,0
43.1667,18,6,8.0804,6.0,0.5872,1
70.1,15,4,7.3798,4.0,0.5844,1
0.2,17,19,7.9006,16.7333,0.0,0
0.7667,15,15,8.1938,14.3333,0.0,0
0.0,9,15,7.6447,9.3667,0.0,0
20.3667,17,15,7.5264,15.0,0.0,0
38.5333,7,4,1472.9974,4.0,0.1982,1
57.1,18,12,128.9394,12.0,0.203,1
83.2333,25,10,7.4101,10.0,0.4889,1
18.7,18,10,7.599,10.0,0.4114,1
13.5,10,6,192.8333,6.0,0.3618,1
61.8,16,4,8.1919,4.0,0.6207,1
60.3,20,9,7.8248,9.0,0.4288,1
0.0,7,17,7.7196,7.1333,0.0,0
1.8667,6,7,7.5726,6.3667,0.0,0
74.2,25,9,7.9949,9.0,0.539,1
0.0,3,9,7.9413,3.7,0.0,0
0.0,9,18,7.5771,8.7,0.0,0
2.0,12,13,7.842,12.6,0.0,0
18.7667,17,8,7.7339,8.0,0.501,1
28.6667,19,13,8.2167,13.0,0.3,1
0.0,14,19,7.7469,13.8333,0.0,0
87.1667,23,5,7.3651,5.0,0.6504,1
0.0,13,19,7.7286,13.0,0.0,0
0.0,7,14,7.6611,6.4667,0.0,0
28.7333,13,10,283.8103,10.0,0.157,1
70.1333,23,7,7.8124,7.0,0.5839,1
35.8333,15,12,7.8323,12.0,0.0822,0
63.6333,18,5,407.2157,5.0,0.5978,1
71.6667,13,4,7.5187,4.0,0.4684,1
40.1,14,11,8.0834,11.0,0.0,0
4.0,25,6,7.7887,6.0,0.7592,1
0.0,3,10,66.482,3.4,0.0,1
